"success","timeout","failed_images","failed_audio","failed_video","trial_type","trial_index","time_elapsed","internal_node_id","subject_id","study_id","session_id","view_history","rt","stimulus","response","task","folder","sequence_type","valuable_image_index","reward_type","distance_from_x","target_X","chosen_image_index","is_x_plus_dist","correct_choice"
"true","false","[]","[]","[]","preload","0","3015","0.0-0.0","DB7BB2978F8742CE854AE7789957E687","019dad29-30c1-7729-9ac0-949571968fbe","019dacfd-3d5e-7f0e-9535-61b14ca20378","","","","","","","","","","","","","",""
"","","","","","instructions","1","30902","0.0-1.0","DB7BB2978F8742CE854AE7789957E687","019dad29-30c1-7729-9ac0-949571968fbe","019dacfd-3d5e-7f0e-9535-61b14ca20378","[{""page_index"":0,""viewing_time"":27886}]","27886","","","","","","","","","","","",""
"","","","","","instructions","2","41924","0.0-2.0","DB7BB2978F8742CE854AE7789957E687","019dad29-30c1-7729-9ac0-949571968fbe","019dacfd-3d5e-7f0e-9535-61b14ca20378","[{""page_index"":0,""viewing_time"":11022}]","11022","","","","","","","","","","","",""
"true","","","","","fullscreen","3","44837","0.0-3.0","DB7BB2978F8742CE854AE7789957E687","019dad29-30c1-7729-9ac0-949571968fbe","019dacfd-3d5e-7f0e-9535-61b14ca20378","","1899","","","","","","","","","","","",""
"","","","","","instructions","4","49556","0.0-4.0","DB7BB2978F8742CE854AE7789957E687","019dad29-30c1-7729-9ac0-949571968fbe","019dacfd-3d5e-7f0e-9535-61b14ca20378","[{""page_index"":0,""viewing_time"":4719}]","4719","","","","","","","","","","","",""
"","","","","","instructions","5","54000","0.0-5.0","DB7BB2978F8742CE854AE7789957E687","019dad29-30c1-7729-9ac0-949571968fbe","019dacfd-3d5e-7f0e-9535-61b14ca20378","[{""page_index"":0,""viewing_time"":4444}]","4444","","","","","","","","","","","",""
"","","","","","html-button-response","6","56330","0.0-6.0","DB7BB2978F8742CE854AE7789957E687","019dad29-30c1-7729-9ac0-949571968fbe","019dacfd-3d5e-7f0e-9535-61b14ca20378","","2330","
            <div class=""stimulus-container"">
                <img src=""images/causal_sequence/museum_causal/museum_causal_5.png"" class=""exp-image"">
                <div class=""question-area"">
                    <p style=""font-size: 20px; font-weight: bold;"">Click the button to reveal the image value</p>
                </div>
            </div>","0","part2_active_reveal_click","museum_causal","","","","","","","",""
"","","","","","html-keyboard-response","7","64346","0.0-7.0","DB7BB2978F8742CE854AE7789957E687","019dad29-30c1-7729-9ac0-949571968fbe","019dacfd-3d5e-7f0e-9535-61b14ca20378","","null","
            <div class=""stimulus-container"" style=""display: flex; align-items: center; justify-content: center; gap: 40px;"">
                <img src=""images/causal_sequence/museum_causal/museum_causal_5.png"" class=""exp-image"">
                <div style=""text-align: center;"">
                    <img src=""images/dollar.png"" style=""width: 150px; height: 150px; border: 5px solid green; border-radius: 15px;"">
                    <p style=""color: green; font-weight: bold; font-size: 28px; margin-top: 15px;"">WORTH MONEY</p>
                </div>
            </div>","null","part2_value_learning","museum_causal","causal_sequence","5","valuable","","","","",""
"","","","","","html-keyboard-response","8","69356","0.0-8.0","DB7BB2978F8742CE854AE7789957E687","019dad29-30c1-7729-9ac0-949571968fbe","019dacfd-3d5e-7f0e-9535-61b14ca20378","","null","<div style=""background-color: white; width: 100vw; height: 100vh;""></div>","null","","","","","","","","","",""
"","","","","","html-button-response","9","70849","0.0-9.0","DB7BB2978F8742CE854AE7789957E687","019dad29-30c1-7729-9ac0-949571968fbe","019dacfd-3d5e-7f0e-9535-61b14ca20378","","1493","
            <div class=""stimulus-container"">
                <img src=""images/causal_sequence/coin_causal/coin_causal_5.png"" class=""exp-image"">
                <div class=""question-area"">
                    <p style=""font-size: 20px; font-weight: bold;"">Click the button to reveal the image value</p>
                </div>
            </div>","0","part2_active_reveal_click","coin_causal","","","","","","","",""
"","","","","","html-keyboard-response","10","78858","0.0-10.0","DB7BB2978F8742CE854AE7789957E687","019dad29-30c1-7729-9ac0-949571968fbe","019dacfd-3d5e-7f0e-9535-61b14ca20378","","null","
            <div class=""stimulus-container"" style=""display: flex; align-items: center; justify-content: center; gap: 40px;"">
                <img src=""images/causal_sequence/coin_causal/coin_causal_5.png"" class=""exp-image"">
                <div style=""text-align: center;"">
                    <img src=""images/gray.png"" style=""width: 150px; height: 150px; border: 5px solid grey; border-radius: 15px;"">
                    <p style=""color: grey; font-weight: bold; font-size: 28px; margin-top: 15px;"">NEUTRAL VALUE</p>
                </div>
            </div>","null","part2_value_learning","coin_causal","causal_sequence","5","neutral","","","","",""
"","","","","","html-keyboard-response","11","83863","0.0-11.0","DB7BB2978F8742CE854AE7789957E687","019dad29-30c1-7729-9ac0-949571968fbe","019dacfd-3d5e-7f0e-9535-61b14ca20378","","null","<div style=""background-color: white; width: 100vw; height: 100vh;""></div>","null","","","","","","","","","",""
"","","","","","html-button-response","12","86291","0.0-12.0","DB7BB2978F8742CE854AE7789957E687","019dad29-30c1-7729-9ac0-949571968fbe","019dacfd-3d5e-7f0e-9535-61b14ca20378","","2428","
            <div class=""stimulus-container"">
                <img src=""images/semantic_sequence/self_care_activities_semantic/self_care_activities_semantic_5.png"" class=""exp-image"">
                <div class=""question-area"">
                    <p style=""font-size: 20px; font-weight: bold;"">Click the button to reveal the image value</p>
                </div>
            </div>","0","part2_active_reveal_click","self_care_activities_semantic","","","","","","","",""
"","","","","","html-keyboard-response","13","94296","0.0-13.0","DB7BB2978F8742CE854AE7789957E687","019dad29-30c1-7729-9ac0-949571968fbe","019dacfd-3d5e-7f0e-9535-61b14ca20378","","null","
            <div class=""stimulus-container"" style=""display: flex; align-items: center; justify-content: center; gap: 40px;"">
                <img src=""images/semantic_sequence/self_care_activities_semantic/self_care_activities_semantic_5.png"" class=""exp-image"">
                <div style=""text-align: center;"">
                    <img src=""images/dollar.png"" style=""width: 150px; height: 150px; border: 5px solid green; border-radius: 15px;"">
                    <p style=""color: green; font-weight: bold; font-size: 28px; margin-top: 15px;"">WORTH MONEY</p>
                </div>
            </div>","null","part2_value_learning","self_care_activities_semantic","semantic_sequence","5","valuable","","","","",""
"","","","","","html-keyboard-response","14","99297","0.0-14.0","DB7BB2978F8742CE854AE7789957E687","019dad29-30c1-7729-9ac0-949571968fbe","019dacfd-3d5e-7f0e-9535-61b14ca20378","","null","<div style=""background-color: white; width: 100vw; height: 100vh;""></div>","null","","","","","","","","","",""
"","","","","","html-button-response","15","101488","0.0-15.0","DB7BB2978F8742CE854AE7789957E687","019dad29-30c1-7729-9ac0-949571968fbe","019dacfd-3d5e-7f0e-9535-61b14ca20378","","2191","
            <div class=""stimulus-container"">
                <img src=""images/causal_sequence/package_causal/package_causal_5.png"" class=""exp-image"">
                <div class=""question-area"">
                    <p style=""font-size: 20px; font-weight: bold;"">Click the button to reveal the image value</p>
                </div>
            </div>","0","part2_active_reveal_click","package_causal","","","","","","","",""
"","","","","","html-keyboard-response","16","109491","0.0-16.0","DB7BB2978F8742CE854AE7789957E687","019dad29-30c1-7729-9ac0-949571968fbe","019dacfd-3d5e-7f0e-9535-61b14ca20378","","null","
            <div class=""stimulus-container"" style=""display: flex; align-items: center; justify-content: center; gap: 40px;"">
                <img src=""images/causal_sequence/package_causal/package_causal_5.png"" class=""exp-image"">
                <div style=""text-align: center;"">
                    <img src=""images/gray.png"" style=""width: 150px; height: 150px; border: 5px solid grey; border-radius: 15px;"">
                    <p style=""color: grey; font-weight: bold; font-size: 28px; margin-top: 15px;"">NEUTRAL VALUE</p>
                </div>
            </div>","null","part2_value_learning","package_causal","causal_sequence","5","neutral","","","","",""
"","","","","","html-keyboard-response","17","114502","0.0-17.0","DB7BB2978F8742CE854AE7789957E687","019dad29-30c1-7729-9ac0-949571968fbe","019dacfd-3d5e-7f0e-9535-61b14ca20378","","null","<div style=""background-color: white; width: 100vw; height: 100vh;""></div>","null","","","","","","","","","",""
"","","","","","html-button-response","18","117232","0.0-18.0","DB7BB2978F8742CE854AE7789957E687","019dad29-30c1-7729-9ac0-949571968fbe","019dacfd-3d5e-7f0e-9535-61b14ca20378","","2729","
            <div class=""stimulus-container"">
                <img src=""images/semantic_sequence/physical_activity_semantic/physical_activity_semantic_5.png"" class=""exp-image"">
                <div class=""question-area"">
                    <p style=""font-size: 20px; font-weight: bold;"">Click the button to reveal the image value</p>
                </div>
            </div>","0","part2_active_reveal_click","physical_activity_semantic","","","","","","","",""
"","","","","","html-keyboard-response","19","125244","0.0-19.0","DB7BB2978F8742CE854AE7789957E687","019dad29-30c1-7729-9ac0-949571968fbe","019dacfd-3d5e-7f0e-9535-61b14ca20378","","null","
            <div class=""stimulus-container"" style=""display: flex; align-items: center; justify-content: center; gap: 40px;"">
                <img src=""images/semantic_sequence/physical_activity_semantic/physical_activity_semantic_5.png"" class=""exp-image"">
                <div style=""text-align: center;"">
                    <img src=""images/dollar.png"" style=""width: 150px; height: 150px; border: 5px solid green; border-radius: 15px;"">
                    <p style=""color: green; font-weight: bold; font-size: 28px; margin-top: 15px;"">WORTH MONEY</p>
                </div>
            </div>","null","part2_value_learning","physical_activity_semantic","semantic_sequence","5","valuable","","","","",""
"","","","","","html-keyboard-response","20","130253","0.0-20.0","DB7BB2978F8742CE854AE7789957E687","019dad29-30c1-7729-9ac0-949571968fbe","019dacfd-3d5e-7f0e-9535-61b14ca20378","","null","<div style=""background-color: white; width: 100vw; height: 100vh;""></div>","null","","","","","","","","","",""
"","","","","","html-button-response","21","131706","0.0-21.0","DB7BB2978F8742CE854AE7789957E687","019dad29-30c1-7729-9ac0-949571968fbe","019dacfd-3d5e-7f0e-9535-61b14ca20378","","1452","
            <div class=""stimulus-container"">
                <img src=""images/semantic_sequence/visiting_cities_semantic/visiting_cities_semantic_5.png"" class=""exp-image"">
                <div class=""question-area"">
                    <p style=""font-size: 20px; font-weight: bold;"">Click the button to reveal the image value</p>
                </div>
            </div>","0","part2_active_reveal_click","visiting_cities_semantic","","","","","","","",""
"","","","","","html-keyboard-response","22","139720","0.0-22.0","DB7BB2978F8742CE854AE7789957E687","019dad29-30c1-7729-9ac0-949571968fbe","019dacfd-3d5e-7f0e-9535-61b14ca20378","","null","
            <div class=""stimulus-container"" style=""display: flex; align-items: center; justify-content: center; gap: 40px;"">
                <img src=""images/semantic_sequence/visiting_cities_semantic/visiting_cities_semantic_5.png"" class=""exp-image"">
                <div style=""text-align: center;"">
                    <img src=""images/gray.png"" style=""width: 150px; height: 150px; border: 5px solid grey; border-radius: 15px;"">
                    <p style=""color: grey; font-weight: bold; font-size: 28px; margin-top: 15px;"">NEUTRAL VALUE</p>
                </div>
            </div>","null","part2_value_learning","visiting_cities_semantic","semantic_sequence","5","neutral","","","","",""
"","","","","","html-keyboard-response","23","144732","0.0-23.0","DB7BB2978F8742CE854AE7789957E687","019dad29-30c1-7729-9ac0-949571968fbe","019dacfd-3d5e-7f0e-9535-61b14ca20378","","null","<div style=""background-color: white; width: 100vw; height: 100vh;""></div>","null","","","","","","","","","",""
"","","","","","html-button-response","24","146783","0.0-24.0","DB7BB2978F8742CE854AE7789957E687","019dad29-30c1-7729-9ac0-949571968fbe","019dacfd-3d5e-7f0e-9535-61b14ca20378","","2051","
            <div class=""stimulus-container"">
                <img src=""images/semantic_sequence/kitchen_operations_semantic/kitchen_operations_semantic_4.png"" class=""exp-image"">
                <div class=""question-area"">
                    <p style=""font-size: 20px; font-weight: bold;"">Click the button to reveal the image value</p>
                </div>
            </div>","0","part2_active_reveal_click","kitchen_operations_semantic","","","","","","","",""
"","","","","","html-keyboard-response","25","154791","0.0-25.0","DB7BB2978F8742CE854AE7789957E687","019dad29-30c1-7729-9ac0-949571968fbe","019dacfd-3d5e-7f0e-9535-61b14ca20378","","null","
            <div class=""stimulus-container"" style=""display: flex; align-items: center; justify-content: center; gap: 40px;"">
                <img src=""images/semantic_sequence/kitchen_operations_semantic/kitchen_operations_semantic_4.png"" class=""exp-image"">
                <div style=""text-align: center;"">
                    <img src=""images/gray.png"" style=""width: 150px; height: 150px; border: 5px solid grey; border-radius: 15px;"">
                    <p style=""color: grey; font-weight: bold; font-size: 28px; margin-top: 15px;"">NEUTRAL VALUE</p>
                </div>
            </div>","null","part2_value_learning","kitchen_operations_semantic","semantic_sequence","4","neutral","","","","",""
"","","","","","html-keyboard-response","26","159797","0.0-26.0","DB7BB2978F8742CE854AE7789957E687","019dad29-30c1-7729-9ac0-949571968fbe","019dacfd-3d5e-7f0e-9535-61b14ca20378","","null","<div style=""background-color: white; width: 100vw; height: 100vh;""></div>","null","","","","","","","","","",""
"","","","","","html-button-response","27","161181","0.0-27.0","DB7BB2978F8742CE854AE7789957E687","019dad29-30c1-7729-9ac0-949571968fbe","019dacfd-3d5e-7f0e-9535-61b14ca20378","","1384","
            <div class=""stimulus-container"">
                <img src=""images/causal_sequence/dog_causal/dog_causal_6.png"" class=""exp-image"">
                <div class=""question-area"">
                    <p style=""font-size: 20px; font-weight: bold;"">Click the button to reveal the image value</p>
                </div>
            </div>","0","part2_active_reveal_click","dog_causal","","","","","","","",""
"","","","","","html-keyboard-response","28","169188","0.0-28.0","DB7BB2978F8742CE854AE7789957E687","019dad29-30c1-7729-9ac0-949571968fbe","019dacfd-3d5e-7f0e-9535-61b14ca20378","","null","
            <div class=""stimulus-container"" style=""display: flex; align-items: center; justify-content: center; gap: 40px;"">
                <img src=""images/causal_sequence/dog_causal/dog_causal_6.png"" class=""exp-image"">
                <div style=""text-align: center;"">
                    <img src=""images/dollar.png"" style=""width: 150px; height: 150px; border: 5px solid green; border-radius: 15px;"">
                    <p style=""color: green; font-weight: bold; font-size: 28px; margin-top: 15px;"">WORTH MONEY</p>
                </div>
            </div>","null","part2_value_learning","dog_causal","causal_sequence","6","valuable","","","","",""
"","","","","","html-keyboard-response","29","174197","0.0-29.0","DB7BB2978F8742CE854AE7789957E687","019dad29-30c1-7729-9ac0-949571968fbe","019dacfd-3d5e-7f0e-9535-61b14ca20378","","null","<div style=""background-color: white; width: 100vw; height: 100vh;""></div>","null","","","","","","","","","",""
"","","","","","html-button-response","30","180079","0.0-30.0","DB7BB2978F8742CE854AE7789957E687","019dad29-30c1-7729-9ac0-949571968fbe","019dacfd-3d5e-7f0e-9535-61b14ca20378","","5882","
            <div class=""stimulus-container"">
                <img src=""images/semantic_sequence/maintaining_a_car_semantic/maintaining_a_car_semantic_4.png"" class=""exp-image"">
                <div class=""question-area"">
                    <p style=""font-size: 20px; font-weight: bold;"">Click the button to reveal the image value</p>
                </div>
            </div>","0","part2_active_reveal_click","maintaining_a_car_semantic","","","","","","","",""
"","","","","","html-keyboard-response","31","188094","0.0-31.0","DB7BB2978F8742CE854AE7789957E687","019dad29-30c1-7729-9ac0-949571968fbe","019dacfd-3d5e-7f0e-9535-61b14ca20378","","null","
            <div class=""stimulus-container"" style=""display: flex; align-items: center; justify-content: center; gap: 40px;"">
                <img src=""images/semantic_sequence/maintaining_a_car_semantic/maintaining_a_car_semantic_4.png"" class=""exp-image"">
                <div style=""text-align: center;"">
                    <img src=""images/gray.png"" style=""width: 150px; height: 150px; border: 5px solid grey; border-radius: 15px;"">
                    <p style=""color: grey; font-weight: bold; font-size: 28px; margin-top: 15px;"">NEUTRAL VALUE</p>
                </div>
            </div>","null","part2_value_learning","maintaining_a_car_semantic","semantic_sequence","4","neutral","","","","",""
"","","","","","html-keyboard-response","32","193103","0.0-32.0","DB7BB2978F8742CE854AE7789957E687","019dad29-30c1-7729-9ac0-949571968fbe","019dacfd-3d5e-7f0e-9535-61b14ca20378","","null","<div style=""background-color: white; width: 100vw; height: 100vh;""></div>","null","","","","","","","","","",""
"","","","","","html-button-response","33","195252","0.0-33.0","DB7BB2978F8742CE854AE7789957E687","019dad29-30c1-7729-9ac0-949571968fbe","019dacfd-3d5e-7f0e-9535-61b14ca20378","","2149","
            <div class=""stimulus-container"">
                <img src=""images/causal_sequence/saving_a_cat_causal/saving_a_cat_causal_7.png"" class=""exp-image"">
                <div class=""question-area"">
                    <p style=""font-size: 20px; font-weight: bold;"">Click the button to reveal the image value</p>
                </div>
            </div>","0","part2_active_reveal_click","saving_a_cat_causal","","","","","","","",""
"","","","","","html-keyboard-response","34","203259","0.0-34.0","DB7BB2978F8742CE854AE7789957E687","019dad29-30c1-7729-9ac0-949571968fbe","019dacfd-3d5e-7f0e-9535-61b14ca20378","","null","
            <div class=""stimulus-container"" style=""display: flex; align-items: center; justify-content: center; gap: 40px;"">
                <img src=""images/causal_sequence/saving_a_cat_causal/saving_a_cat_causal_7.png"" class=""exp-image"">
                <div style=""text-align: center;"">
                    <img src=""images/gray.png"" style=""width: 150px; height: 150px; border: 5px solid grey; border-radius: 15px;"">
                    <p style=""color: grey; font-weight: bold; font-size: 28px; margin-top: 15px;"">NEUTRAL VALUE</p>
                </div>
            </div>","null","part2_value_learning","saving_a_cat_causal","causal_sequence","7","neutral","","","","",""
"","","","","","html-keyboard-response","35","208265","0.0-35.0","DB7BB2978F8742CE854AE7789957E687","019dad29-30c1-7729-9ac0-949571968fbe","019dacfd-3d5e-7f0e-9535-61b14ca20378","","null","<div style=""background-color: white; width: 100vw; height: 100vh;""></div>","null","","","","","","","","","",""
"","","","","","html-button-response","36","212983","0.0-36.0","DB7BB2978F8742CE854AE7789957E687","019dad29-30c1-7729-9ac0-949571968fbe","019dacfd-3d5e-7f0e-9535-61b14ca20378","","4718","
            <div class=""stimulus-container"">
                <img src=""images/causal_sequence/the_performance_causal/the_performance_causal_7.png"" class=""exp-image"">
                <div class=""question-area"">
                    <p style=""font-size: 20px; font-weight: bold;"">Click the button to reveal the image value</p>
                </div>
            </div>","0","part2_active_reveal_click","the_performance_causal","","","","","","","",""
"","","","","","html-keyboard-response","37","220993","0.0-37.0","DB7BB2978F8742CE854AE7789957E687","019dad29-30c1-7729-9ac0-949571968fbe","019dacfd-3d5e-7f0e-9535-61b14ca20378","","null","
            <div class=""stimulus-container"" style=""display: flex; align-items: center; justify-content: center; gap: 40px;"">
                <img src=""images/causal_sequence/the_performance_causal/the_performance_causal_7.png"" class=""exp-image"">
                <div style=""text-align: center;"">
                    <img src=""images/dollar.png"" style=""width: 150px; height: 150px; border: 5px solid green; border-radius: 15px;"">
                    <p style=""color: green; font-weight: bold; font-size: 28px; margin-top: 15px;"">WORTH MONEY</p>
                </div>
            </div>","null","part2_value_learning","the_performance_causal","causal_sequence","7","valuable","","","","",""
"","","","","","html-keyboard-response","38","226004","0.0-38.0","DB7BB2978F8742CE854AE7789957E687","019dad29-30c1-7729-9ac0-949571968fbe","019dacfd-3d5e-7f0e-9535-61b14ca20378","","null","<div style=""background-color: white; width: 100vw; height: 100vh;""></div>","null","","","","","","","","","",""
"","","","","","html-button-response","39","227939","0.0-39.0","DB7BB2978F8742CE854AE7789957E687","019dad29-30c1-7729-9ac0-949571968fbe","019dacfd-3d5e-7f0e-9535-61b14ca20378","","1935","
            <div class=""stimulus-container"">
                <img src=""images/semantic_sequence/housework_semantic/housework_semantic_6.png"" class=""exp-image"">
                <div class=""question-area"">
                    <p style=""font-size: 20px; font-weight: bold;"">Click the button to reveal the image value</p>
                </div>
            </div>","0","part2_active_reveal_click","housework_semantic","","","","","","","",""
"","","","","","html-keyboard-response","40","235954","0.0-40.0","DB7BB2978F8742CE854AE7789957E687","019dad29-30c1-7729-9ac0-949571968fbe","019dacfd-3d5e-7f0e-9535-61b14ca20378","","null","
            <div class=""stimulus-container"" style=""display: flex; align-items: center; justify-content: center; gap: 40px;"">
                <img src=""images/semantic_sequence/housework_semantic/housework_semantic_6.png"" class=""exp-image"">
                <div style=""text-align: center;"">
                    <img src=""images/dollar.png"" style=""width: 150px; height: 150px; border: 5px solid green; border-radius: 15px;"">
                    <p style=""color: green; font-weight: bold; font-size: 28px; margin-top: 15px;"">WORTH MONEY</p>
                </div>
            </div>","null","part2_value_learning","housework_semantic","semantic_sequence","6","valuable","","","","",""
"","","","","","html-keyboard-response","41","240966","0.0-41.0","DB7BB2978F8742CE854AE7789957E687","019dad29-30c1-7729-9ac0-949571968fbe","019dacfd-3d5e-7f0e-9535-61b14ca20378","","null","<div style=""background-color: white; width: 100vw; height: 100vh;""></div>","null","","","","","","","","","",""
"","","","","","instructions","42","245696","0.0-42.0","DB7BB2978F8742CE854AE7789957E687","019dad29-30c1-7729-9ac0-949571968fbe","019dacfd-3d5e-7f0e-9535-61b14ca20378","[{""page_index"":0,""viewing_time"":4730}]","4730","","","","","","","","","","","",""
"","","","","","html-keyboard-response","43","248700","0.0-43.0-0.0","DB7BB2978F8742CE854AE7789957E687","019dad29-30c1-7729-9ac0-949571968fbe","019dacfd-3d5e-7f0e-9535-61b14ca20378","","null","
                            <div style=""font-family: Arial; margin-bottom: 20px;""><h3>Which image is worth <b>more money</b>?</h3></div>
                            <div class=""stimulus-container"" style=""display: flex; width: 800px; justify-content: center; gap: 30px;"">
                                <img src=""images/causal_sequence/saving_a_cat_causal/saving_a_cat_causal_5.png"" class=""small-image"">
                                <img src=""images/causal_sequence/saving_a_cat_causal/saving_a_cat_causal_9.png"" class=""small-image"">
                            </div>","null","","","","","","","","","",""
"","","","","","html-button-response","44","252698","0.0-43.0-1.0","DB7BB2978F8742CE854AE7789957E687","019dad29-30c1-7729-9ac0-949571968fbe","019dacfd-3d5e-7f0e-9535-61b14ca20378","","3997","
                            <div style=""font-family: Arial; margin-bottom: 20px;""><h3>Which image is worth <b>more money</b>?</h3></div>
                            <div class=""stimulus-container"" style=""display: flex; width: 800px; justify-content: center; gap: 30px;"">
                                <img src=""images/causal_sequence/saving_a_cat_causal/saving_a_cat_causal_5.png"" class=""small-image"">
                                <img src=""images/causal_sequence/saving_a_cat_causal/saving_a_cat_causal_9.png"" class=""small-image"">
                            </div>","1","part3_choice_neighbors","saving_a_cat_causal","causal_sequence","","","2","7","9","1",""
"","","","","","html-keyboard-response","45","255702","0.0-44.0-0.0","DB7BB2978F8742CE854AE7789957E687","019dad29-30c1-7729-9ac0-949571968fbe","019dacfd-3d5e-7f0e-9535-61b14ca20378","","null","
                            <div style=""font-family: Arial; margin-bottom: 20px;""><h3>Which image is worth <b>more money</b>?</h3></div>
                            <div class=""stimulus-container"" style=""display: flex; width: 800px; justify-content: center; gap: 30px;"">
                                <img src=""images/semantic_sequence/housework_semantic/housework_semantic_9.png"" class=""small-image"">
                                <img src=""images/semantic_sequence/housework_semantic/housework_semantic_3.png"" class=""small-image"">
                            </div>","null","","","","","","","","","",""
"","","","","","html-button-response","46","257559","0.0-44.0-1.0","DB7BB2978F8742CE854AE7789957E687","019dad29-30c1-7729-9ac0-949571968fbe","019dacfd-3d5e-7f0e-9535-61b14ca20378","","1856","
                            <div style=""font-family: Arial; margin-bottom: 20px;""><h3>Which image is worth <b>more money</b>?</h3></div>
                            <div class=""stimulus-container"" style=""display: flex; width: 800px; justify-content: center; gap: 30px;"">
                                <img src=""images/semantic_sequence/housework_semantic/housework_semantic_9.png"" class=""small-image"">
                                <img src=""images/semantic_sequence/housework_semantic/housework_semantic_3.png"" class=""small-image"">
                            </div>","0","part3_choice_neighbors","housework_semantic","semantic_sequence","","","3","6","9","1",""
"","","","","","html-keyboard-response","47","260574","0.0-45.0-0.0","DB7BB2978F8742CE854AE7789957E687","019dad29-30c1-7729-9ac0-949571968fbe","019dacfd-3d5e-7f0e-9535-61b14ca20378","","null","
                            <div style=""font-family: Arial; margin-bottom: 20px;""><h3>Which image is worth <b>more money</b>?</h3></div>
                            <div class=""stimulus-container"" style=""display: flex; width: 800px; justify-content: center; gap: 30px;"">
                                <img src=""images/semantic_sequence/kitchen_operations_semantic/kitchen_operations_semantic_6.png"" class=""small-image"">
                                <img src=""images/semantic_sequence/kitchen_operations_semantic/kitchen_operations_semantic_2.png"" class=""small-image"">
                            </div>","null","","","","","","","","","",""
"","","","","","html-button-response","48","261974","0.0-45.0-1.0","DB7BB2978F8742CE854AE7789957E687","019dad29-30c1-7729-9ac0-949571968fbe","019dacfd-3d5e-7f0e-9535-61b14ca20378","","1399","
                            <div style=""font-family: Arial; margin-bottom: 20px;""><h3>Which image is worth <b>more money</b>?</h3></div>
                            <div class=""stimulus-container"" style=""display: flex; width: 800px; justify-content: center; gap: 30px;"">
                                <img src=""images/semantic_sequence/kitchen_operations_semantic/kitchen_operations_semantic_6.png"" class=""small-image"">
                                <img src=""images/semantic_sequence/kitchen_operations_semantic/kitchen_operations_semantic_2.png"" class=""small-image"">
                            </div>","1","part3_choice_neighbors","kitchen_operations_semantic","semantic_sequence","","","2","4","2","0",""
"","","","","","html-keyboard-response","49","264985","0.0-46.0-0.0","DB7BB2978F8742CE854AE7789957E687","019dad29-30c1-7729-9ac0-949571968fbe","019dacfd-3d5e-7f0e-9535-61b14ca20378","","null","
                            <div style=""font-family: Arial; margin-bottom: 20px;""><h3>Which image is worth <b>more money</b>?</h3></div>
                            <div class=""stimulus-container"" style=""display: flex; width: 800px; justify-content: center; gap: 30px;"">
                                <img src=""images/semantic_sequence/maintaining_a_car_semantic/maintaining_a_car_semantic_5.png"" class=""small-image"">
                                <img src=""images/semantic_sequence/maintaining_a_car_semantic/maintaining_a_car_semantic_3.png"" class=""small-image"">
                            </div>","null","","","","","","","","","",""
"","","","","","html-button-response","50","266277","0.0-46.0-1.0","DB7BB2978F8742CE854AE7789957E687","019dad29-30c1-7729-9ac0-949571968fbe","019dacfd-3d5e-7f0e-9535-61b14ca20378","","1292","
                            <div style=""font-family: Arial; margin-bottom: 20px;""><h3>Which image is worth <b>more money</b>?</h3></div>
                            <div class=""stimulus-container"" style=""display: flex; width: 800px; justify-content: center; gap: 30px;"">
                                <img src=""images/semantic_sequence/maintaining_a_car_semantic/maintaining_a_car_semantic_5.png"" class=""small-image"">
                                <img src=""images/semantic_sequence/maintaining_a_car_semantic/maintaining_a_car_semantic_3.png"" class=""small-image"">
                            </div>","1","part3_choice_neighbors","maintaining_a_car_semantic","semantic_sequence","","","1","4","3","0",""
"","","","","","html-keyboard-response","51","269285","0.0-47.0-0.0","DB7BB2978F8742CE854AE7789957E687","019dad29-30c1-7729-9ac0-949571968fbe","019dacfd-3d5e-7f0e-9535-61b14ca20378","","null","
                            <div style=""font-family: Arial; margin-bottom: 20px;""><h3>Which image is worth <b>more money</b>?</h3></div>
                            <div class=""stimulus-container"" style=""display: flex; width: 800px; justify-content: center; gap: 30px;"">
                                <img src=""images/semantic_sequence/physical_activity_semantic/physical_activity_semantic_6.png"" class=""small-image"">
                                <img src=""images/semantic_sequence/physical_activity_semantic/physical_activity_semantic_4.png"" class=""small-image"">
                            </div>","null","","","","","","","","","",""
"","","","","","html-button-response","52","270002","0.0-47.0-1.0","DB7BB2978F8742CE854AE7789957E687","019dad29-30c1-7729-9ac0-949571968fbe","019dacfd-3d5e-7f0e-9535-61b14ca20378","","716","
                            <div style=""font-family: Arial; margin-bottom: 20px;""><h3>Which image is worth <b>more money</b>?</h3></div>
                            <div class=""stimulus-container"" style=""display: flex; width: 800px; justify-content: center; gap: 30px;"">
                                <img src=""images/semantic_sequence/physical_activity_semantic/physical_activity_semantic_6.png"" class=""small-image"">
                                <img src=""images/semantic_sequence/physical_activity_semantic/physical_activity_semantic_4.png"" class=""small-image"">
                            </div>","1","part3_choice_neighbors","physical_activity_semantic","semantic_sequence","","","1","5","4","0",""
"","","","","","html-keyboard-response","53","273017","0.0-48.0-0.0","DB7BB2978F8742CE854AE7789957E687","019dad29-30c1-7729-9ac0-949571968fbe","019dacfd-3d5e-7f0e-9535-61b14ca20378","","null","<div style=""font-family: Arial; margin-bottom: 20px;""><h3>Which image is worth <b>more money?</h3></div>
                            <div class=""stimulus-container"" style=""display: flex; width: 800px; justify-content: center; gap: 30px;"">
                                <img src=""images/causal_sequence/museum_causal/museum_causal_5.png"" class=""small-image"">
                                <img src=""images/semantic_sequence/maintaining_a_car_semantic/maintaining_a_car_semantic_4.png"" class=""small-image"">
                            </div>","null","","","","","","","","","",""
"","","","","","html-button-response","54","274162","0.0-48.0-1.0","DB7BB2978F8742CE854AE7789957E687","019dad29-30c1-7729-9ac0-949571968fbe","019dacfd-3d5e-7f0e-9535-61b14ca20378","","1144","<div style=""font-family: Arial; margin-bottom: 20px;""><h3>Which image is worth <b>more money</b>?</h3></div>
                            <div class=""stimulus-container"" style=""display: flex; width: 800px; justify-content: center; gap: 30px;"">
                                <img src=""images/causal_sequence/museum_causal/museum_causal_5.png"" class=""small-image"">
                                <img src=""images/semantic_sequence/maintaining_a_car_semantic/maintaining_a_car_semantic_4.png"" class=""small-image"">
                            </div>","0","part3_valuable_vs_neutral_direct","","","","","","","","","true"
"","","","","","html-keyboard-response","55","277169","0.0-49.0-0.0","DB7BB2978F8742CE854AE7789957E687","019dad29-30c1-7729-9ac0-949571968fbe","019dacfd-3d5e-7f0e-9535-61b14ca20378","","null","
                            <div style=""font-family: Arial; margin-bottom: 20px;""><h3>Which image is worth <b>more money</b>?</h3></div>
                            <div class=""stimulus-container"" style=""display: flex; width: 800px; justify-content: center; gap: 30px;"">
                                <img src=""images/causal_sequence/museum_causal/museum_causal_3.png"" class=""small-image"">
                                <img src=""images/causal_sequence/museum_causal/museum_causal_7.png"" class=""small-image"">
                            </div>","null","","","","","","","","","",""
"","","","","","html-button-response","56","278057","0.0-49.0-1.0","DB7BB2978F8742CE854AE7789957E687","019dad29-30c1-7729-9ac0-949571968fbe","019dacfd-3d5e-7f0e-9535-61b14ca20378","","887","
                            <div style=""font-family: Arial; margin-bottom: 20px;""><h3>Which image is worth <b>more money</b>?</h3></div>
                            <div class=""stimulus-container"" style=""display: flex; width: 800px; justify-content: center; gap: 30px;"">
                                <img src=""images/causal_sequence/museum_causal/museum_causal_3.png"" class=""small-image"">
                                <img src=""images/causal_sequence/museum_causal/museum_causal_7.png"" class=""small-image"">
                            </div>","1","part3_choice_neighbors","museum_causal","causal_sequence","","","2","5","7","1",""
"","","","","","html-keyboard-response","57","281066","0.0-50.0-0.0","DB7BB2978F8742CE854AE7789957E687","019dad29-30c1-7729-9ac0-949571968fbe","019dacfd-3d5e-7f0e-9535-61b14ca20378","","null","
                            <div style=""font-family: Arial; margin-bottom: 20px;""><h3>Which image is worth <b>more money</b>?</h3></div>
                            <div class=""stimulus-container"" style=""display: flex; width: 800px; justify-content: center; gap: 30px;"">
                                <img src=""images/causal_sequence/package_causal/package_causal_8.png"" class=""small-image"">
                                <img src=""images/causal_sequence/package_causal/package_causal_2.png"" class=""small-image"">
                            </div>","null","","","","","","","","","",""
"","","","","","html-button-response","58","282968","0.0-50.0-1.0","DB7BB2978F8742CE854AE7789957E687","019dad29-30c1-7729-9ac0-949571968fbe","019dacfd-3d5e-7f0e-9535-61b14ca20378","","1902","
                            <div style=""font-family: Arial; margin-bottom: 20px;""><h3>Which image is worth <b>more money</b>?</h3></div>
                            <div class=""stimulus-container"" style=""display: flex; width: 800px; justify-content: center; gap: 30px;"">
                                <img src=""images/causal_sequence/package_causal/package_causal_8.png"" class=""small-image"">
                                <img src=""images/causal_sequence/package_causal/package_causal_2.png"" class=""small-image"">
                            </div>","1","part3_choice_neighbors","package_causal","causal_sequence","","","3","5","2","0",""
"","","","","","html-keyboard-response","59","285969","0.0-51.0-0.0","DB7BB2978F8742CE854AE7789957E687","019dad29-30c1-7729-9ac0-949571968fbe","019dacfd-3d5e-7f0e-9535-61b14ca20378","","null","
                            <div style=""font-family: Arial; margin-bottom: 20px;""><h3>Which image is worth <b>more money</b>?</h3></div>
                            <div class=""stimulus-container"" style=""display: flex; width: 800px; justify-content: center; gap: 30px;"">
                                <img src=""images/causal_sequence/package_causal/package_causal_3.png"" class=""small-image"">
                                <img src=""images/causal_sequence/package_causal/package_causal_7.png"" class=""small-image"">
                            </div>","null","","","","","","","","","",""
"","","","","","html-button-response","60","286890","0.0-51.0-1.0","DB7BB2978F8742CE854AE7789957E687","019dad29-30c1-7729-9ac0-949571968fbe","019dacfd-3d5e-7f0e-9535-61b14ca20378","","921","
                            <div style=""font-family: Arial; margin-bottom: 20px;""><h3>Which image is worth <b>more money</b>?</h3></div>
                            <div class=""stimulus-container"" style=""display: flex; width: 800px; justify-content: center; gap: 30px;"">
                                <img src=""images/causal_sequence/package_causal/package_causal_3.png"" class=""small-image"">
                                <img src=""images/causal_sequence/package_causal/package_causal_7.png"" class=""small-image"">
                            </div>","1","part3_choice_neighbors","package_causal","causal_sequence","","","2","5","7","1",""
"","","","","","html-keyboard-response","61","289902","0.0-52.0-0.0","DB7BB2978F8742CE854AE7789957E687","019dad29-30c1-7729-9ac0-949571968fbe","019dacfd-3d5e-7f0e-9535-61b14ca20378","","null","
                            <div style=""font-family: Arial; margin-bottom: 20px;""><h3>Which image is worth <b>more money</b>?</h3></div>
                            <div class=""stimulus-container"" style=""display: flex; width: 800px; justify-content: center; gap: 30px;"">
                                <img src=""images/semantic_sequence/visiting_cities_semantic/visiting_cities_semantic_7.png"" class=""small-image"">
                                <img src=""images/semantic_sequence/visiting_cities_semantic/visiting_cities_semantic_3.png"" class=""small-image"">
                            </div>","null","","","","","","","","","",""
"","","","","","html-button-response","62","291185","0.0-52.0-1.0","DB7BB2978F8742CE854AE7789957E687","019dad29-30c1-7729-9ac0-949571968fbe","019dacfd-3d5e-7f0e-9535-61b14ca20378","","1282","
                            <div style=""font-family: Arial; margin-bottom: 20px;""><h3>Which image is worth <b>more money</b>?</h3></div>
                            <div class=""stimulus-container"" style=""display: flex; width: 800px; justify-content: center; gap: 30px;"">
                                <img src=""images/semantic_sequence/visiting_cities_semantic/visiting_cities_semantic_7.png"" class=""small-image"">
                                <img src=""images/semantic_sequence/visiting_cities_semantic/visiting_cities_semantic_3.png"" class=""small-image"">
                            </div>","1","part3_choice_neighbors","visiting_cities_semantic","semantic_sequence","","","2","5","3","0",""
"","","","","","html-keyboard-response","63","294186","0.0-53.0-0.0","DB7BB2978F8742CE854AE7789957E687","019dad29-30c1-7729-9ac0-949571968fbe","019dacfd-3d5e-7f0e-9535-61b14ca20378","","null","
                            <div style=""font-family: Arial; margin-bottom: 20px;""><h3>Which image is worth <b>more money</b>?</h3></div>
                            <div class=""stimulus-container"" style=""display: flex; width: 800px; justify-content: center; gap: 30px;"">
                                <img src=""images/causal_sequence/coin_causal/coin_causal_3.png"" class=""small-image"">
                                <img src=""images/causal_sequence/coin_causal/coin_causal_7.png"" class=""small-image"">
                            </div>","null","","","","","","","","","",""
"","","","","","html-button-response","64","294915","0.0-53.0-1.0","DB7BB2978F8742CE854AE7789957E687","019dad29-30c1-7729-9ac0-949571968fbe","019dacfd-3d5e-7f0e-9535-61b14ca20378","","729","
                            <div style=""font-family: Arial; margin-bottom: 20px;""><h3>Which image is worth <b>more money</b>?</h3></div>
                            <div class=""stimulus-container"" style=""display: flex; width: 800px; justify-content: center; gap: 30px;"">
                                <img src=""images/causal_sequence/coin_causal/coin_causal_3.png"" class=""small-image"">
                                <img src=""images/causal_sequence/coin_causal/coin_causal_7.png"" class=""small-image"">
                            </div>","1","part3_choice_neighbors","coin_causal","causal_sequence","","","2","5","7","1",""
"","","","","","html-keyboard-response","65","297920","0.0-54.0-0.0","DB7BB2978F8742CE854AE7789957E687","019dad29-30c1-7729-9ac0-949571968fbe","019dacfd-3d5e-7f0e-9535-61b14ca20378","","null","
                            <div style=""font-family: Arial; margin-bottom: 20px;""><h3>Which image is worth <b>more money</b>?</h3></div>
                            <div class=""stimulus-container"" style=""display: flex; width: 800px; justify-content: center; gap: 30px;"">
                                <img src=""images/semantic_sequence/housework_semantic/housework_semantic_4.png"" class=""small-image"">
                                <img src=""images/semantic_sequence/housework_semantic/housework_semantic_8.png"" class=""small-image"">
                            </div>","null","","","","","","","","","",""
"","","","","","html-button-response","66","309180","0.0-54.0-1.0","DB7BB2978F8742CE854AE7789957E687","019dad29-30c1-7729-9ac0-949571968fbe","019dacfd-3d5e-7f0e-9535-61b14ca20378","","11260","
                            <div style=""font-family: Arial; margin-bottom: 20px;""><h3>Which image is worth <b>more money</b>?</h3></div>
                            <div class=""stimulus-container"" style=""display: flex; width: 800px; justify-content: center; gap: 30px;"">
                                <img src=""images/semantic_sequence/housework_semantic/housework_semantic_4.png"" class=""small-image"">
                                <img src=""images/semantic_sequence/housework_semantic/housework_semantic_8.png"" class=""small-image"">
                            </div>","1","part3_choice_neighbors","housework_semantic","semantic_sequence","","","2","6","8","1",""
"","","","","","html-keyboard-response","67","312195","0.0-55.0-0.0","DB7BB2978F8742CE854AE7789957E687","019dad29-30c1-7729-9ac0-949571968fbe","019dacfd-3d5e-7f0e-9535-61b14ca20378","","null","
                            <div style=""font-family: Arial; margin-bottom: 20px;""><h3>Which image is worth <b>more money</b>?</h3></div>
                            <div class=""stimulus-container"" style=""display: flex; width: 800px; justify-content: center; gap: 30px;"">
                                <img src=""images/semantic_sequence/maintaining_a_car_semantic/maintaining_a_car_semantic_6.png"" class=""small-image"">
                                <img src=""images/semantic_sequence/maintaining_a_car_semantic/maintaining_a_car_semantic_2.png"" class=""small-image"">
                            </div>","null","","","","","","","","","",""
"","","","","","html-button-response","68","325577","0.0-55.0-1.0","DB7BB2978F8742CE854AE7789957E687","019dad29-30c1-7729-9ac0-949571968fbe","019dacfd-3d5e-7f0e-9535-61b14ca20378","","13382","
                            <div style=""font-family: Arial; margin-bottom: 20px;""><h3>Which image is worth <b>more money</b>?</h3></div>
                            <div class=""stimulus-container"" style=""display: flex; width: 800px; justify-content: center; gap: 30px;"">
                                <img src=""images/semantic_sequence/maintaining_a_car_semantic/maintaining_a_car_semantic_6.png"" class=""small-image"">
                                <img src=""images/semantic_sequence/maintaining_a_car_semantic/maintaining_a_car_semantic_2.png"" class=""small-image"">
                            </div>","0","part3_choice_neighbors","maintaining_a_car_semantic","semantic_sequence","","","2","4","6","1",""
"","","","","","html-keyboard-response","69","328588","0.0-56.0-0.0","DB7BB2978F8742CE854AE7789957E687","019dad29-30c1-7729-9ac0-949571968fbe","019dacfd-3d5e-7f0e-9535-61b14ca20378","","null","
                            <div style=""font-family: Arial; margin-bottom: 20px;""><h3>Which image is worth <b>more money</b>?</h3></div>
                            <div class=""stimulus-container"" style=""display: flex; width: 800px; justify-content: center; gap: 30px;"">
                                <img src=""images/semantic_sequence/physical_activity_semantic/physical_activity_semantic_8.png"" class=""small-image"">
                                <img src=""images/semantic_sequence/physical_activity_semantic/physical_activity_semantic_2.png"" class=""small-image"">
                            </div>","null","","","","","","","","","",""
"","","","","","html-button-response","70","332061","0.0-56.0-1.0","DB7BB2978F8742CE854AE7789957E687","019dad29-30c1-7729-9ac0-949571968fbe","019dacfd-3d5e-7f0e-9535-61b14ca20378","","3473","
                            <div style=""font-family: Arial; margin-bottom: 20px;""><h3>Which image is worth <b>more money</b>?</h3></div>
                            <div class=""stimulus-container"" style=""display: flex; width: 800px; justify-content: center; gap: 30px;"">
                                <img src=""images/semantic_sequence/physical_activity_semantic/physical_activity_semantic_8.png"" class=""small-image"">
                                <img src=""images/semantic_sequence/physical_activity_semantic/physical_activity_semantic_2.png"" class=""small-image"">
                            </div>","0","part3_choice_neighbors","physical_activity_semantic","semantic_sequence","","","3","5","8","1",""
"","","","","","html-keyboard-response","71","335066","0.0-57.0-0.0","DB7BB2978F8742CE854AE7789957E687","019dad29-30c1-7729-9ac0-949571968fbe","019dacfd-3d5e-7f0e-9535-61b14ca20378","","null","<div style=""font-family: Arial; margin-bottom: 20px;""><h3>Which image is worth <b>more money?</h3></div>
                            <div class=""stimulus-container"" style=""display: flex; width: 800px; justify-content: center; gap: 30px;"">
                                <img src=""images/semantic_sequence/kitchen_operations_semantic/kitchen_operations_semantic_4.png"" class=""small-image"">
                                <img src=""images/causal_sequence/the_performance_causal/the_performance_causal_7.png"" class=""small-image"">
                            </div>","null","","","","","","","","","",""
"","","","","","html-button-response","72","344701","0.0-57.0-1.0","DB7BB2978F8742CE854AE7789957E687","019dad29-30c1-7729-9ac0-949571968fbe","019dacfd-3d5e-7f0e-9535-61b14ca20378","","9634","<div style=""font-family: Arial; margin-bottom: 20px;""><h3>Which image is worth <b>more money</b>?</h3></div>
                            <div class=""stimulus-container"" style=""display: flex; width: 800px; justify-content: center; gap: 30px;"">
                                <img src=""images/semantic_sequence/kitchen_operations_semantic/kitchen_operations_semantic_4.png"" class=""small-image"">
                                <img src=""images/causal_sequence/the_performance_causal/the_performance_causal_7.png"" class=""small-image"">
                            </div>","1","part3_valuable_vs_neutral_direct","","","","","","","","","true"
"","","","","","html-keyboard-response","73","347710","0.0-58.0-0.0","DB7BB2978F8742CE854AE7789957E687","019dad29-30c1-7729-9ac0-949571968fbe","019dacfd-3d5e-7f0e-9535-61b14ca20378","","null","<div style=""font-family: Arial; margin-bottom: 20px;""><h3>Which image is worth <b>more money?</h3></div>
                            <div class=""stimulus-container"" style=""display: flex; width: 800px; justify-content: center; gap: 30px;"">
                                <img src=""images/causal_sequence/coin_causal/coin_causal_5.png"" class=""small-image"">
                                <img src=""images/semantic_sequence/physical_activity_semantic/physical_activity_semantic_5.png"" class=""small-image"">
                            </div>","null","","","","","","","","","",""
"","","","","","html-button-response","74","351185","0.0-58.0-1.0","DB7BB2978F8742CE854AE7789957E687","019dad29-30c1-7729-9ac0-949571968fbe","019dacfd-3d5e-7f0e-9535-61b14ca20378","","3475","<div style=""font-family: Arial; margin-bottom: 20px;""><h3>Which image is worth <b>more money</b>?</h3></div>
                            <div class=""stimulus-container"" style=""display: flex; width: 800px; justify-content: center; gap: 30px;"">
                                <img src=""images/causal_sequence/coin_causal/coin_causal_5.png"" class=""small-image"">
                                <img src=""images/semantic_sequence/physical_activity_semantic/physical_activity_semantic_5.png"" class=""small-image"">
                            </div>","1","part3_valuable_vs_neutral_direct","","","","","","","","","true"
"","","","","","html-keyboard-response","75","354189","0.0-59.0-0.0","DB7BB2978F8742CE854AE7789957E687","019dad29-30c1-7729-9ac0-949571968fbe","019dacfd-3d5e-7f0e-9535-61b14ca20378","","null","
                            <div style=""font-family: Arial; margin-bottom: 20px;""><h3>Which image is worth <b>more money</b>?</h3></div>
                            <div class=""stimulus-container"" style=""display: flex; width: 800px; justify-content: center; gap: 30px;"">
                                <img src=""images/causal_sequence/museum_causal/museum_causal_2.png"" class=""small-image"">
                                <img src=""images/causal_sequence/museum_causal/museum_causal_8.png"" class=""small-image"">
                            </div>","null","","","","","","","","","",""
"","","","","","html-button-response","76","354938","0.0-59.0-1.0","DB7BB2978F8742CE854AE7789957E687","019dad29-30c1-7729-9ac0-949571968fbe","019dacfd-3d5e-7f0e-9535-61b14ca20378","","749","
                            <div style=""font-family: Arial; margin-bottom: 20px;""><h3>Which image is worth <b>more money</b>?</h3></div>
                            <div class=""stimulus-container"" style=""display: flex; width: 800px; justify-content: center; gap: 30px;"">
                                <img src=""images/causal_sequence/museum_causal/museum_causal_2.png"" class=""small-image"">
                                <img src=""images/causal_sequence/museum_causal/museum_causal_8.png"" class=""small-image"">
                            </div>","1","part3_choice_neighbors","museum_causal","causal_sequence","","","3","5","8","1",""
"","","","","","html-keyboard-response","77","357942","0.0-60.0-0.0","DB7BB2978F8742CE854AE7789957E687","019dad29-30c1-7729-9ac0-949571968fbe","019dacfd-3d5e-7f0e-9535-61b14ca20378","","null","
                            <div style=""font-family: Arial; margin-bottom: 20px;""><h3>Which image is worth <b>more money</b>?</h3></div>
                            <div class=""stimulus-container"" style=""display: flex; width: 800px; justify-content: center; gap: 30px;"">
                                <img src=""images/semantic_sequence/kitchen_operations_semantic/kitchen_operations_semantic_1.png"" class=""small-image"">
                                <img src=""images/semantic_sequence/kitchen_operations_semantic/kitchen_operations_semantic_7.png"" class=""small-image"">
                            </div>","null","","","","","","","","","",""
"","","","","","html-button-response","78","361088","0.0-60.0-1.0","DB7BB2978F8742CE854AE7789957E687","019dad29-30c1-7729-9ac0-949571968fbe","019dacfd-3d5e-7f0e-9535-61b14ca20378","","3146","
                            <div style=""font-family: Arial; margin-bottom: 20px;""><h3>Which image is worth <b>more money</b>?</h3></div>
                            <div class=""stimulus-container"" style=""display: flex; width: 800px; justify-content: center; gap: 30px;"">
                                <img src=""images/semantic_sequence/kitchen_operations_semantic/kitchen_operations_semantic_1.png"" class=""small-image"">
                                <img src=""images/semantic_sequence/kitchen_operations_semantic/kitchen_operations_semantic_7.png"" class=""small-image"">
                            </div>","0","part3_choice_neighbors","kitchen_operations_semantic","semantic_sequence","","","3","4","1","0",""
"","","","","","html-keyboard-response","79","364097","0.0-61.0-0.0","DB7BB2978F8742CE854AE7789957E687","019dad29-30c1-7729-9ac0-949571968fbe","019dacfd-3d5e-7f0e-9535-61b14ca20378","","null","
                            <div style=""font-family: Arial; margin-bottom: 20px;""><h3>Which image is worth <b>more money</b>?</h3></div>
                            <div class=""stimulus-container"" style=""display: flex; width: 800px; justify-content: center; gap: 30px;"">
                                <img src=""images/semantic_sequence/visiting_cities_semantic/visiting_cities_semantic_6.png"" class=""small-image"">
                                <img src=""images/semantic_sequence/visiting_cities_semantic/visiting_cities_semantic_4.png"" class=""small-image"">
                            </div>","null","","","","","","","","","",""
"","","","","","html-button-response","80","367673","0.0-61.0-1.0","DB7BB2978F8742CE854AE7789957E687","019dad29-30c1-7729-9ac0-949571968fbe","019dacfd-3d5e-7f0e-9535-61b14ca20378","","3576","
                            <div style=""font-family: Arial; margin-bottom: 20px;""><h3>Which image is worth <b>more money</b>?</h3></div>
                            <div class=""stimulus-container"" style=""display: flex; width: 800px; justify-content: center; gap: 30px;"">
                                <img src=""images/semantic_sequence/visiting_cities_semantic/visiting_cities_semantic_6.png"" class=""small-image"">
                                <img src=""images/semantic_sequence/visiting_cities_semantic/visiting_cities_semantic_4.png"" class=""small-image"">
                            </div>","0","part3_choice_neighbors","visiting_cities_semantic","semantic_sequence","","","1","5","6","1",""
"","","","","","html-keyboard-response","81","370688","0.0-62.0-0.0","DB7BB2978F8742CE854AE7789957E687","019dad29-30c1-7729-9ac0-949571968fbe","019dacfd-3d5e-7f0e-9535-61b14ca20378","","null","
                            <div style=""font-family: Arial; margin-bottom: 20px;""><h3>Which image is worth <b>more money</b>?</h3></div>
                            <div class=""stimulus-container"" style=""display: flex; width: 800px; justify-content: center; gap: 30px;"">
                                <img src=""images/causal_sequence/dog_causal/dog_causal_5.png"" class=""small-image"">
                                <img src=""images/causal_sequence/dog_causal/dog_causal_7.png"" class=""small-image"">
                            </div>","null","","","","","","","","","",""
"","","","","","html-button-response","82","376996","0.0-62.0-1.0","DB7BB2978F8742CE854AE7789957E687","019dad29-30c1-7729-9ac0-949571968fbe","019dacfd-3d5e-7f0e-9535-61b14ca20378","","6308","
                            <div style=""font-family: Arial; margin-bottom: 20px;""><h3>Which image is worth <b>more money</b>?</h3></div>
                            <div class=""stimulus-container"" style=""display: flex; width: 800px; justify-content: center; gap: 30px;"">
                                <img src=""images/causal_sequence/dog_causal/dog_causal_5.png"" class=""small-image"">
                                <img src=""images/causal_sequence/dog_causal/dog_causal_7.png"" class=""small-image"">
                            </div>","0","part3_choice_neighbors","dog_causal","causal_sequence","","","1","6","5","0",""
"","","","","","html-keyboard-response","83","380004","0.0-63.0-0.0","DB7BB2978F8742CE854AE7789957E687","019dad29-30c1-7729-9ac0-949571968fbe","019dacfd-3d5e-7f0e-9535-61b14ca20378","","null","
                            <div style=""font-family: Arial; margin-bottom: 20px;""><h3>Which image is worth <b>more money</b>?</h3></div>
                            <div class=""stimulus-container"" style=""display: flex; width: 800px; justify-content: center; gap: 30px;"">
                                <img src=""images/semantic_sequence/maintaining_a_car_semantic/maintaining_a_car_semantic_7.png"" class=""small-image"">
                                <img src=""images/semantic_sequence/maintaining_a_car_semantic/maintaining_a_car_semantic_1.png"" class=""small-image"">
                            </div>","null","","","","","","","","","",""
"","","","","","html-button-response","84","382452","0.0-63.0-1.0","DB7BB2978F8742CE854AE7789957E687","019dad29-30c1-7729-9ac0-949571968fbe","019dacfd-3d5e-7f0e-9535-61b14ca20378","","2448","
                            <div style=""font-family: Arial; margin-bottom: 20px;""><h3>Which image is worth <b>more money</b>?</h3></div>
                            <div class=""stimulus-container"" style=""display: flex; width: 800px; justify-content: center; gap: 30px;"">
                                <img src=""images/semantic_sequence/maintaining_a_car_semantic/maintaining_a_car_semantic_7.png"" class=""small-image"">
                                <img src=""images/semantic_sequence/maintaining_a_car_semantic/maintaining_a_car_semantic_1.png"" class=""small-image"">
                            </div>","1","part3_choice_neighbors","maintaining_a_car_semantic","semantic_sequence","","","3","4","1","0",""
"","","","","","html-keyboard-response","85","385462","0.0-64.0-0.0","DB7BB2978F8742CE854AE7789957E687","019dad29-30c1-7729-9ac0-949571968fbe","019dacfd-3d5e-7f0e-9535-61b14ca20378","","null","
                            <div style=""font-family: Arial; margin-bottom: 20px;""><h3>Which image is worth <b>more money</b>?</h3></div>
                            <div class=""stimulus-container"" style=""display: flex; width: 800px; justify-content: center; gap: 30px;"">
                                <img src=""images/causal_sequence/coin_causal/coin_causal_4.png"" class=""small-image"">
                                <img src=""images/causal_sequence/coin_causal/coin_causal_6.png"" class=""small-image"">
                            </div>","null","","","","","","","","","",""
"","","","","","html-button-response","86","387467","0.0-64.0-1.0","DB7BB2978F8742CE854AE7789957E687","019dad29-30c1-7729-9ac0-949571968fbe","019dacfd-3d5e-7f0e-9535-61b14ca20378","","2005","
                            <div style=""font-family: Arial; margin-bottom: 20px;""><h3>Which image is worth <b>more money</b>?</h3></div>
                            <div class=""stimulus-container"" style=""display: flex; width: 800px; justify-content: center; gap: 30px;"">
                                <img src=""images/causal_sequence/coin_causal/coin_causal_4.png"" class=""small-image"">
                                <img src=""images/causal_sequence/coin_causal/coin_causal_6.png"" class=""small-image"">
                            </div>","1","part3_choice_neighbors","coin_causal","causal_sequence","","","1","5","6","1",""
"","","","","","html-keyboard-response","87","390471","0.0-65.0-0.0","DB7BB2978F8742CE854AE7789957E687","019dad29-30c1-7729-9ac0-949571968fbe","019dacfd-3d5e-7f0e-9535-61b14ca20378","","null","
                            <div style=""font-family: Arial; margin-bottom: 20px;""><h3>Which image is worth <b>more money</b>?</h3></div>
                            <div class=""stimulus-container"" style=""display: flex; width: 800px; justify-content: center; gap: 30px;"">
                                <img src=""images/causal_sequence/the_performance_causal/the_performance_causal_6.png"" class=""small-image"">
                                <img src=""images/causal_sequence/the_performance_causal/the_performance_causal_8.png"" class=""small-image"">
                            </div>","null","","","","","","","","","",""
"","","","","","html-button-response","88","393720","0.0-65.0-1.0","DB7BB2978F8742CE854AE7789957E687","019dad29-30c1-7729-9ac0-949571968fbe","019dacfd-3d5e-7f0e-9535-61b14ca20378","","3248","
                            <div style=""font-family: Arial; margin-bottom: 20px;""><h3>Which image is worth <b>more money</b>?</h3></div>
                            <div class=""stimulus-container"" style=""display: flex; width: 800px; justify-content: center; gap: 30px;"">
                                <img src=""images/causal_sequence/the_performance_causal/the_performance_causal_6.png"" class=""small-image"">
                                <img src=""images/causal_sequence/the_performance_causal/the_performance_causal_8.png"" class=""small-image"">
                            </div>","1","part3_choice_neighbors","the_performance_causal","causal_sequence","","","1","7","8","1",""
"","","","","","html-keyboard-response","89","396728","0.0-66.0-0.0","DB7BB2978F8742CE854AE7789957E687","019dad29-30c1-7729-9ac0-949571968fbe","019dacfd-3d5e-7f0e-9535-61b14ca20378","","null","
                            <div style=""font-family: Arial; margin-bottom: 20px;""><h3>Which image is worth <b>more money</b>?</h3></div>
                            <div class=""stimulus-container"" style=""display: flex; width: 800px; justify-content: center; gap: 30px;"">
                                <img src=""images/semantic_sequence/visiting_cities_semantic/visiting_cities_semantic_2.png"" class=""small-image"">
                                <img src=""images/semantic_sequence/visiting_cities_semantic/visiting_cities_semantic_8.png"" class=""small-image"">
                            </div>","null","","","","","","","","","",""
"","","","","","html-button-response","90","397633","0.0-66.0-1.0","DB7BB2978F8742CE854AE7789957E687","019dad29-30c1-7729-9ac0-949571968fbe","019dacfd-3d5e-7f0e-9535-61b14ca20378","","904","
                            <div style=""font-family: Arial; margin-bottom: 20px;""><h3>Which image is worth <b>more money</b>?</h3></div>
                            <div class=""stimulus-container"" style=""display: flex; width: 800px; justify-content: center; gap: 30px;"">
                                <img src=""images/semantic_sequence/visiting_cities_semantic/visiting_cities_semantic_2.png"" class=""small-image"">
                                <img src=""images/semantic_sequence/visiting_cities_semantic/visiting_cities_semantic_8.png"" class=""small-image"">
                            </div>","1","part3_choice_neighbors","visiting_cities_semantic","semantic_sequence","","","3","5","8","1",""
"","","","","","html-keyboard-response","91","400635","0.0-67.0-0.0","DB7BB2978F8742CE854AE7789957E687","019dad29-30c1-7729-9ac0-949571968fbe","019dacfd-3d5e-7f0e-9535-61b14ca20378","","null","
                            <div style=""font-family: Arial; margin-bottom: 20px;""><h3>Which image is worth <b>more money</b>?</h3></div>
                            <div class=""stimulus-container"" style=""display: flex; width: 800px; justify-content: center; gap: 30px;"">
                                <img src=""images/semantic_sequence/self_care_activities_semantic/self_care_activities_semantic_6.png"" class=""small-image"">
                                <img src=""images/semantic_sequence/self_care_activities_semantic/self_care_activities_semantic_4.png"" class=""small-image"">
                            </div>","null","","","","","","","","","",""
"","","","","","html-button-response","92","401772","0.0-67.0-1.0","DB7BB2978F8742CE854AE7789957E687","019dad29-30c1-7729-9ac0-949571968fbe","019dacfd-3d5e-7f0e-9535-61b14ca20378","","1136","
                            <div style=""font-family: Arial; margin-bottom: 20px;""><h3>Which image is worth <b>more money</b>?</h3></div>
                            <div class=""stimulus-container"" style=""display: flex; width: 800px; justify-content: center; gap: 30px;"">
                                <img src=""images/semantic_sequence/self_care_activities_semantic/self_care_activities_semantic_6.png"" class=""small-image"">
                                <img src=""images/semantic_sequence/self_care_activities_semantic/self_care_activities_semantic_4.png"" class=""small-image"">
                            </div>","1","part3_choice_neighbors","self_care_activities_semantic","semantic_sequence","","","1","5","4","0",""
"","","","","","html-keyboard-response","93","404773","0.0-68.0-0.0","DB7BB2978F8742CE854AE7789957E687","019dad29-30c1-7729-9ac0-949571968fbe","019dacfd-3d5e-7f0e-9535-61b14ca20378","","null","
                            <div style=""font-family: Arial; margin-bottom: 20px;""><h3>Which image is worth <b>more money</b>?</h3></div>
                            <div class=""stimulus-container"" style=""display: flex; width: 800px; justify-content: center; gap: 30px;"">
                                <img src=""images/causal_sequence/dog_causal/dog_causal_4.png"" class=""small-image"">
                                <img src=""images/causal_sequence/dog_causal/dog_causal_8.png"" class=""small-image"">
                            </div>","null","","","","","","","","","",""
"","","","","","html-button-response","94","405522","0.0-68.0-1.0","DB7BB2978F8742CE854AE7789957E687","019dad29-30c1-7729-9ac0-949571968fbe","019dacfd-3d5e-7f0e-9535-61b14ca20378","","748","
                            <div style=""font-family: Arial; margin-bottom: 20px;""><h3>Which image is worth <b>more money</b>?</h3></div>
                            <div class=""stimulus-container"" style=""display: flex; width: 800px; justify-content: center; gap: 30px;"">
                                <img src=""images/causal_sequence/dog_causal/dog_causal_4.png"" class=""small-image"">
                                <img src=""images/causal_sequence/dog_causal/dog_causal_8.png"" class=""small-image"">
                            </div>","0","part3_choice_neighbors","dog_causal","causal_sequence","","","2","6","4","0",""
"","","","","","html-keyboard-response","95","408535","0.0-69.0-0.0","DB7BB2978F8742CE854AE7789957E687","019dad29-30c1-7729-9ac0-949571968fbe","019dacfd-3d5e-7f0e-9535-61b14ca20378","","null","<div style=""font-family: Arial; margin-bottom: 20px;""><h3>Which image is worth <b>more money?</h3></div>
                            <div class=""stimulus-container"" style=""display: flex; width: 800px; justify-content: center; gap: 30px;"">
                                <img src=""images/semantic_sequence/visiting_cities_semantic/visiting_cities_semantic_5.png"" class=""small-image"">
                                <img src=""images/semantic_sequence/housework_semantic/housework_semantic_6.png"" class=""small-image"">
                            </div>","null","","","","","","","","","",""
"","","","","","html-button-response","96","409114","0.0-69.0-1.0","DB7BB2978F8742CE854AE7789957E687","019dad29-30c1-7729-9ac0-949571968fbe","019dacfd-3d5e-7f0e-9535-61b14ca20378","","579","<div style=""font-family: Arial; margin-bottom: 20px;""><h3>Which image is worth <b>more money</b>?</h3></div>
                            <div class=""stimulus-container"" style=""display: flex; width: 800px; justify-content: center; gap: 30px;"">
                                <img src=""images/semantic_sequence/visiting_cities_semantic/visiting_cities_semantic_5.png"" class=""small-image"">
                                <img src=""images/semantic_sequence/housework_semantic/housework_semantic_6.png"" class=""small-image"">
                            </div>","1","part3_valuable_vs_neutral_direct","","","","","","","","","true"
"","","","","","html-keyboard-response","97","412119","0.0-70.0-0.0","DB7BB2978F8742CE854AE7789957E687","019dad29-30c1-7729-9ac0-949571968fbe","019dacfd-3d5e-7f0e-9535-61b14ca20378","","null","<div style=""font-family: Arial; margin-bottom: 20px;""><h3>Which image is worth <b>more money?</h3></div>
                            <div class=""stimulus-container"" style=""display: flex; width: 800px; justify-content: center; gap: 30px;"">
                                <img src=""images/semantic_sequence/self_care_activities_semantic/self_care_activities_semantic_5.png"" class=""small-image"">
                                <img src=""images/causal_sequence/saving_a_cat_causal/saving_a_cat_causal_7.png"" class=""small-image"">
                            </div>","null","","","","","","","","","",""
"","","","","","html-button-response","98","413413","0.0-70.0-1.0","DB7BB2978F8742CE854AE7789957E687","019dad29-30c1-7729-9ac0-949571968fbe","019dacfd-3d5e-7f0e-9535-61b14ca20378","","1294","<div style=""font-family: Arial; margin-bottom: 20px;""><h3>Which image is worth <b>more money</b>?</h3></div>
                            <div class=""stimulus-container"" style=""display: flex; width: 800px; justify-content: center; gap: 30px;"">
                                <img src=""images/semantic_sequence/self_care_activities_semantic/self_care_activities_semantic_5.png"" class=""small-image"">
                                <img src=""images/causal_sequence/saving_a_cat_causal/saving_a_cat_causal_7.png"" class=""small-image"">
                            </div>","1","part3_valuable_vs_neutral_direct","","","","","","","","","false"
"","","","","","html-keyboard-response","99","416426","0.0-71.0-0.0","DB7BB2978F8742CE854AE7789957E687","019dad29-30c1-7729-9ac0-949571968fbe","019dacfd-3d5e-7f0e-9535-61b14ca20378","","null","
                            <div style=""font-family: Arial; margin-bottom: 20px;""><h3>Which image is worth <b>more money</b>?</h3></div>
                            <div class=""stimulus-container"" style=""display: flex; width: 800px; justify-content: center; gap: 30px;"">
                                <img src=""images/causal_sequence/package_causal/package_causal_4.png"" class=""small-image"">
                                <img src=""images/causal_sequence/package_causal/package_causal_6.png"" class=""small-image"">
                            </div>","null","","","","","","","","","",""
"","","","","","html-button-response","100","421827","0.0-71.0-1.0","DB7BB2978F8742CE854AE7789957E687","019dad29-30c1-7729-9ac0-949571968fbe","019dacfd-3d5e-7f0e-9535-61b14ca20378","","5401","
                            <div style=""font-family: Arial; margin-bottom: 20px;""><h3>Which image is worth <b>more money</b>?</h3></div>
                            <div class=""stimulus-container"" style=""display: flex; width: 800px; justify-content: center; gap: 30px;"">
                                <img src=""images/causal_sequence/package_causal/package_causal_4.png"" class=""small-image"">
                                <img src=""images/causal_sequence/package_causal/package_causal_6.png"" class=""small-image"">
                            </div>","0","part3_choice_neighbors","package_causal","causal_sequence","","","1","5","4","0",""
"","","","","","html-keyboard-response","101","424841","0.0-72.0-0.0","DB7BB2978F8742CE854AE7789957E687","019dad29-30c1-7729-9ac0-949571968fbe","019dacfd-3d5e-7f0e-9535-61b14ca20378","","null","
                            <div style=""font-family: Arial; margin-bottom: 20px;""><h3>Which image is worth <b>more money</b>?</h3></div>
                            <div class=""stimulus-container"" style=""display: flex; width: 800px; justify-content: center; gap: 30px;"">
                                <img src=""images/semantic_sequence/housework_semantic/housework_semantic_7.png"" class=""small-image"">
                                <img src=""images/semantic_sequence/housework_semantic/housework_semantic_5.png"" class=""small-image"">
                            </div>","null","","","","","","","","","",""
"","","","","","html-button-response","102","426174","0.0-72.0-1.0","DB7BB2978F8742CE854AE7789957E687","019dad29-30c1-7729-9ac0-949571968fbe","019dacfd-3d5e-7f0e-9535-61b14ca20378","","1333","
                            <div style=""font-family: Arial; margin-bottom: 20px;""><h3>Which image is worth <b>more money</b>?</h3></div>
                            <div class=""stimulus-container"" style=""display: flex; width: 800px; justify-content: center; gap: 30px;"">
                                <img src=""images/semantic_sequence/housework_semantic/housework_semantic_7.png"" class=""small-image"">
                                <img src=""images/semantic_sequence/housework_semantic/housework_semantic_5.png"" class=""small-image"">
                            </div>","0","part3_choice_neighbors","housework_semantic","semantic_sequence","","","1","6","7","1",""
"","","","","","html-keyboard-response","103","429176","0.0-73.0-0.0","DB7BB2978F8742CE854AE7789957E687","019dad29-30c1-7729-9ac0-949571968fbe","019dacfd-3d5e-7f0e-9535-61b14ca20378","","null","
                            <div style=""font-family: Arial; margin-bottom: 20px;""><h3>Which image is worth <b>more money</b>?</h3></div>
                            <div class=""stimulus-container"" style=""display: flex; width: 800px; justify-content: center; gap: 30px;"">
                                <img src=""images/causal_sequence/museum_causal/museum_causal_4.png"" class=""small-image"">
                                <img src=""images/causal_sequence/museum_causal/museum_causal_6.png"" class=""small-image"">
                            </div>","null","","","","","","","","","",""
"","","","","","html-button-response","104","430477","0.0-73.0-1.0","DB7BB2978F8742CE854AE7789957E687","019dad29-30c1-7729-9ac0-949571968fbe","019dacfd-3d5e-7f0e-9535-61b14ca20378","","1300","
                            <div style=""font-family: Arial; margin-bottom: 20px;""><h3>Which image is worth <b>more money</b>?</h3></div>
                            <div class=""stimulus-container"" style=""display: flex; width: 800px; justify-content: center; gap: 30px;"">
                                <img src=""images/causal_sequence/museum_causal/museum_causal_4.png"" class=""small-image"">
                                <img src=""images/causal_sequence/museum_causal/museum_causal_6.png"" class=""small-image"">
                            </div>","1","part3_choice_neighbors","museum_causal","causal_sequence","","","1","5","6","1",""
"","","","","","html-keyboard-response","105","433484","0.0-74.0-0.0","DB7BB2978F8742CE854AE7789957E687","019dad29-30c1-7729-9ac0-949571968fbe","019dacfd-3d5e-7f0e-9535-61b14ca20378","","null","
                            <div style=""font-family: Arial; margin-bottom: 20px;""><h3>Which image is worth <b>more money</b>?</h3></div>
                            <div class=""stimulus-container"" style=""display: flex; width: 800px; justify-content: center; gap: 30px;"">
                                <img src=""images/causal_sequence/saving_a_cat_causal/saving_a_cat_causal_8.png"" class=""small-image"">
                                <img src=""images/causal_sequence/saving_a_cat_causal/saving_a_cat_causal_6.png"" class=""small-image"">
                            </div>","null","","","","","","","","","",""
"","","","","","html-button-response","106","433885","0.0-74.0-1.0","DB7BB2978F8742CE854AE7789957E687","019dad29-30c1-7729-9ac0-949571968fbe","019dacfd-3d5e-7f0e-9535-61b14ca20378","","400","
                            <div style=""font-family: Arial; margin-bottom: 20px;""><h3>Which image is worth <b>more money</b>?</h3></div>
                            <div class=""stimulus-container"" style=""display: flex; width: 800px; justify-content: center; gap: 30px;"">
                                <img src=""images/causal_sequence/saving_a_cat_causal/saving_a_cat_causal_8.png"" class=""small-image"">
                                <img src=""images/causal_sequence/saving_a_cat_causal/saving_a_cat_causal_6.png"" class=""small-image"">
                            </div>","0","part3_choice_neighbors","saving_a_cat_causal","causal_sequence","","","1","7","8","1",""
"","","","","","html-keyboard-response","107","436888","0.0-75.0-0.0","DB7BB2978F8742CE854AE7789957E687","019dad29-30c1-7729-9ac0-949571968fbe","019dacfd-3d5e-7f0e-9535-61b14ca20378","","null","
                            <div style=""font-family: Arial; margin-bottom: 20px;""><h3>Which image is worth <b>more money</b>?</h3></div>
                            <div class=""stimulus-container"" style=""display: flex; width: 800px; justify-content: center; gap: 30px;"">
                                <img src=""images/causal_sequence/the_performance_causal/the_performance_causal_ten.png"" class=""small-image"">
                                <img src=""images/causal_sequence/the_performance_causal/the_performance_causal_4.png"" class=""small-image"">
                            </div>","null","","","","","","","","","",""
"","","","","","html-button-response","108","437268","0.0-75.0-1.0","DB7BB2978F8742CE854AE7789957E687","019dad29-30c1-7729-9ac0-949571968fbe","019dacfd-3d5e-7f0e-9535-61b14ca20378","","380","
                            <div style=""font-family: Arial; margin-bottom: 20px;""><h3>Which image is worth <b>more money</b>?</h3></div>
                            <div class=""stimulus-container"" style=""display: flex; width: 800px; justify-content: center; gap: 30px;"">
                                <img src=""images/causal_sequence/the_performance_causal/the_performance_causal_ten.png"" class=""small-image"">
                                <img src=""images/causal_sequence/the_performance_causal/the_performance_causal_4.png"" class=""small-image"">
                            </div>","0","part3_choice_neighbors","the_performance_causal","causal_sequence","","","3","7","10","1",""
"","","","","","html-keyboard-response","109","440272","0.0-76.0-0.0","DB7BB2978F8742CE854AE7789957E687","019dad29-30c1-7729-9ac0-949571968fbe","019dacfd-3d5e-7f0e-9535-61b14ca20378","","null","
                            <div style=""font-family: Arial; margin-bottom: 20px;""><h3>Which image is worth <b>more money</b>?</h3></div>
                            <div class=""stimulus-container"" style=""display: flex; width: 800px; justify-content: center; gap: 30px;"">
                                <img src=""images/causal_sequence/dog_causal/dog_causal_3.png"" class=""small-image"">
                                <img src=""images/causal_sequence/dog_causal/dog_causal_9.png"" class=""small-image"">
                            </div>","null","","","","","","","","","",""
"","","","","","html-button-response","110","440531","0.0-76.0-1.0","DB7BB2978F8742CE854AE7789957E687","019dad29-30c1-7729-9ac0-949571968fbe","019dacfd-3d5e-7f0e-9535-61b14ca20378","","259","
                            <div style=""font-family: Arial; margin-bottom: 20px;""><h3>Which image is worth <b>more money</b>?</h3></div>
                            <div class=""stimulus-container"" style=""display: flex; width: 800px; justify-content: center; gap: 30px;"">
                                <img src=""images/causal_sequence/dog_causal/dog_causal_3.png"" class=""small-image"">
                                <img src=""images/causal_sequence/dog_causal/dog_causal_9.png"" class=""small-image"">
                            </div>","1","part3_choice_neighbors","dog_causal","causal_sequence","","","3","6","9","1",""
"","","","","","html-keyboard-response","111","443546","0.0-77.0-0.0","DB7BB2978F8742CE854AE7789957E687","019dad29-30c1-7729-9ac0-949571968fbe","019dacfd-3d5e-7f0e-9535-61b14ca20378","","null","
                            <div style=""font-family: Arial; margin-bottom: 20px;""><h3>Which image is worth <b>more money</b>?</h3></div>
                            <div class=""stimulus-container"" style=""display: flex; width: 800px; justify-content: center; gap: 30px;"">
                                <img src=""images/semantic_sequence/kitchen_operations_semantic/kitchen_operations_semantic_5.png"" class=""small-image"">
                                <img src=""images/semantic_sequence/kitchen_operations_semantic/kitchen_operations_semantic_3.png"" class=""small-image"">
                            </div>","null","","","","","","","","","",""
"","","","","","html-button-response","112","444064","0.0-77.0-1.0","DB7BB2978F8742CE854AE7789957E687","019dad29-30c1-7729-9ac0-949571968fbe","019dacfd-3d5e-7f0e-9535-61b14ca20378","","517","
                            <div style=""font-family: Arial; margin-bottom: 20px;""><h3>Which image is worth <b>more money</b>?</h3></div>
                            <div class=""stimulus-container"" style=""display: flex; width: 800px; justify-content: center; gap: 30px;"">
                                <img src=""images/semantic_sequence/kitchen_operations_semantic/kitchen_operations_semantic_5.png"" class=""small-image"">
                                <img src=""images/semantic_sequence/kitchen_operations_semantic/kitchen_operations_semantic_3.png"" class=""small-image"">
                            </div>","1","part3_choice_neighbors","kitchen_operations_semantic","semantic_sequence","","","1","4","3","0",""
"","","","","","html-keyboard-response","113","447066","0.0-78.0-0.0","DB7BB2978F8742CE854AE7789957E687","019dad29-30c1-7729-9ac0-949571968fbe","019dacfd-3d5e-7f0e-9535-61b14ca20378","","null","
                            <div style=""font-family: Arial; margin-bottom: 20px;""><h3>Which image is worth <b>more money</b>?</h3></div>
                            <div class=""stimulus-container"" style=""display: flex; width: 800px; justify-content: center; gap: 30px;"">
                                <img src=""images/causal_sequence/coin_causal/coin_causal_8.png"" class=""small-image"">
                                <img src=""images/causal_sequence/coin_causal/coin_causal_2.png"" class=""small-image"">
                            </div>","null","","","","","","","","","",""
"","","","","","html-button-response","114","447560","0.0-78.0-1.0","DB7BB2978F8742CE854AE7789957E687","019dad29-30c1-7729-9ac0-949571968fbe","019dacfd-3d5e-7f0e-9535-61b14ca20378","","494","
                            <div style=""font-family: Arial; margin-bottom: 20px;""><h3>Which image is worth <b>more money</b>?</h3></div>
                            <div class=""stimulus-container"" style=""display: flex; width: 800px; justify-content: center; gap: 30px;"">
                                <img src=""images/causal_sequence/coin_causal/coin_causal_8.png"" class=""small-image"">
                                <img src=""images/causal_sequence/coin_causal/coin_causal_2.png"" class=""small-image"">
                            </div>","1","part3_choice_neighbors","coin_causal","causal_sequence","","","3","5","2","0",""
"","","","","","html-keyboard-response","115","450573","0.0-79.0-0.0","DB7BB2978F8742CE854AE7789957E687","019dad29-30c1-7729-9ac0-949571968fbe","019dacfd-3d5e-7f0e-9535-61b14ca20378","","null","
                            <div style=""font-family: Arial; margin-bottom: 20px;""><h3>Which image is worth <b>more money</b>?</h3></div>
                            <div class=""stimulus-container"" style=""display: flex; width: 800px; justify-content: center; gap: 30px;"">
                                <img src=""images/semantic_sequence/self_care_activities_semantic/self_care_activities_semantic_7.png"" class=""small-image"">
                                <img src=""images/semantic_sequence/self_care_activities_semantic/self_care_activities_semantic_3.png"" class=""small-image"">
                            </div>","null","","","","","","","","","",""
"","","","","","html-button-response","116","450924","0.0-79.0-1.0","DB7BB2978F8742CE854AE7789957E687","019dad29-30c1-7729-9ac0-949571968fbe","019dacfd-3d5e-7f0e-9535-61b14ca20378","","351","
                            <div style=""font-family: Arial; margin-bottom: 20px;""><h3>Which image is worth <b>more money</b>?</h3></div>
                            <div class=""stimulus-container"" style=""display: flex; width: 800px; justify-content: center; gap: 30px;"">
                                <img src=""images/semantic_sequence/self_care_activities_semantic/self_care_activities_semantic_7.png"" class=""small-image"">
                                <img src=""images/semantic_sequence/self_care_activities_semantic/self_care_activities_semantic_3.png"" class=""small-image"">
                            </div>","1","part3_choice_neighbors","self_care_activities_semantic","semantic_sequence","","","2","5","3","0",""
"","","","","","html-keyboard-response","117","453930","0.0-80.0-0.0","DB7BB2978F8742CE854AE7789957E687","019dad29-30c1-7729-9ac0-949571968fbe","019dacfd-3d5e-7f0e-9535-61b14ca20378","","null","<div style=""font-family: Arial; margin-bottom: 20px;""><h3>Which image is worth <b>more money?</h3></div>
                            <div class=""stimulus-container"" style=""display: flex; width: 800px; justify-content: center; gap: 30px;"">
                                <img src=""images/causal_sequence/package_causal/package_causal_5.png"" class=""small-image"">
                                <img src=""images/causal_sequence/dog_causal/dog_causal_6.png"" class=""small-image"">
                            </div>","null","","","","","","","","","",""
"","","","","","html-button-response","118","454557","0.0-80.0-1.0","DB7BB2978F8742CE854AE7789957E687","019dad29-30c1-7729-9ac0-949571968fbe","019dacfd-3d5e-7f0e-9535-61b14ca20378","","627","<div style=""font-family: Arial; margin-bottom: 20px;""><h3>Which image is worth <b>more money</b>?</h3></div>
                            <div class=""stimulus-container"" style=""display: flex; width: 800px; justify-content: center; gap: 30px;"">
                                <img src=""images/causal_sequence/package_causal/package_causal_5.png"" class=""small-image"">
                                <img src=""images/causal_sequence/dog_causal/dog_causal_6.png"" class=""small-image"">
                            </div>","1","part3_valuable_vs_neutral_direct","","","","","","","","","true"
"","","","","","html-keyboard-response","119","457566","0.0-81.0-0.0","DB7BB2978F8742CE854AE7789957E687","019dad29-30c1-7729-9ac0-949571968fbe","019dacfd-3d5e-7f0e-9535-61b14ca20378","","null","
                            <div style=""font-family: Arial; margin-bottom: 20px;""><h3>Which image is worth <b>more money</b>?</h3></div>
                            <div class=""stimulus-container"" style=""display: flex; width: 800px; justify-content: center; gap: 30px;"">
                                <img src=""images/semantic_sequence/self_care_activities_semantic/self_care_activities_semantic_2.png"" class=""small-image"">
                                <img src=""images/semantic_sequence/self_care_activities_semantic/self_care_activities_semantic_8.png"" class=""small-image"">
                            </div>","null","","","","","","","","","",""
"","","","","","html-button-response","120","457940","0.0-81.0-1.0","DB7BB2978F8742CE854AE7789957E687","019dad29-30c1-7729-9ac0-949571968fbe","019dacfd-3d5e-7f0e-9535-61b14ca20378","","374","
                            <div style=""font-family: Arial; margin-bottom: 20px;""><h3>Which image is worth <b>more money</b>?</h3></div>
                            <div class=""stimulus-container"" style=""display: flex; width: 800px; justify-content: center; gap: 30px;"">
                                <img src=""images/semantic_sequence/self_care_activities_semantic/self_care_activities_semantic_2.png"" class=""small-image"">
                                <img src=""images/semantic_sequence/self_care_activities_semantic/self_care_activities_semantic_8.png"" class=""small-image"">
                            </div>","0","part3_choice_neighbors","self_care_activities_semantic","semantic_sequence","","","3","5","2","0",""
"","","","","","html-keyboard-response","121","460952","0.0-82.0-0.0","DB7BB2978F8742CE854AE7789957E687","019dad29-30c1-7729-9ac0-949571968fbe","019dacfd-3d5e-7f0e-9535-61b14ca20378","","null","
                            <div style=""font-family: Arial; margin-bottom: 20px;""><h3>Which image is worth <b>more money</b>?</h3></div>
                            <div class=""stimulus-container"" style=""display: flex; width: 800px; justify-content: center; gap: 30px;"">
                                <img src=""images/causal_sequence/the_performance_causal/the_performance_causal_9.png"" class=""small-image"">
                                <img src=""images/causal_sequence/the_performance_causal/the_performance_causal_5.png"" class=""small-image"">
                            </div>","null","","","","","","","","","",""
"","","","","","html-button-response","122","461304","0.0-82.0-1.0","DB7BB2978F8742CE854AE7789957E687","019dad29-30c1-7729-9ac0-949571968fbe","019dacfd-3d5e-7f0e-9535-61b14ca20378","","352","
                            <div style=""font-family: Arial; margin-bottom: 20px;""><h3>Which image is worth <b>more money</b>?</h3></div>
                            <div class=""stimulus-container"" style=""display: flex; width: 800px; justify-content: center; gap: 30px;"">
                                <img src=""images/causal_sequence/the_performance_causal/the_performance_causal_9.png"" class=""small-image"">
                                <img src=""images/causal_sequence/the_performance_causal/the_performance_causal_5.png"" class=""small-image"">
                            </div>","1","part3_choice_neighbors","the_performance_causal","causal_sequence","","","2","7","5","0",""
"","","","","","html-keyboard-response","123","464310","0.0-83.0-0.0","DB7BB2978F8742CE854AE7789957E687","019dad29-30c1-7729-9ac0-949571968fbe","019dacfd-3d5e-7f0e-9535-61b14ca20378","","null","
                            <div style=""font-family: Arial; margin-bottom: 20px;""><h3>Which image is worth <b>more money</b>?</h3></div>
                            <div class=""stimulus-container"" style=""display: flex; width: 800px; justify-content: center; gap: 30px;"">
                                <img src=""images/causal_sequence/saving_a_cat_causal/saving_a_cat_causal_ten.png"" class=""small-image"">
                                <img src=""images/causal_sequence/saving_a_cat_causal/saving_a_cat_causal_4.png"" class=""small-image"">
                            </div>","null","","","","","","","","","",""
"","","","","","html-button-response","124","465802","0.0-83.0-1.0","DB7BB2978F8742CE854AE7789957E687","019dad29-30c1-7729-9ac0-949571968fbe","019dacfd-3d5e-7f0e-9535-61b14ca20378","","1492","
                            <div style=""font-family: Arial; margin-bottom: 20px;""><h3>Which image is worth <b>more money</b>?</h3></div>
                            <div class=""stimulus-container"" style=""display: flex; width: 800px; justify-content: center; gap: 30px;"">
                                <img src=""images/causal_sequence/saving_a_cat_causal/saving_a_cat_causal_ten.png"" class=""small-image"">
                                <img src=""images/causal_sequence/saving_a_cat_causal/saving_a_cat_causal_4.png"" class=""small-image"">
                            </div>","1","part3_choice_neighbors","saving_a_cat_causal","causal_sequence","","","3","7","4","0",""
"","","","","","html-keyboard-response","125","468815","0.0-84.0-0.0","DB7BB2978F8742CE854AE7789957E687","019dad29-30c1-7729-9ac0-949571968fbe","019dacfd-3d5e-7f0e-9535-61b14ca20378","","null","
                            <div style=""font-family: Arial; margin-bottom: 20px;""><h3>Which image is worth <b>more money</b>?</h3></div>
                            <div class=""stimulus-container"" style=""display: flex; width: 800px; justify-content: center; gap: 30px;"">
                                <img src=""images/semantic_sequence/physical_activity_semantic/physical_activity_semantic_7.png"" class=""small-image"">
                                <img src=""images/semantic_sequence/physical_activity_semantic/physical_activity_semantic_3.png"" class=""small-image"">
                            </div>","null","","","","","","","","","",""
"","","","","","html-button-response","126","469308","0.0-84.0-1.0","DB7BB2978F8742CE854AE7789957E687","019dad29-30c1-7729-9ac0-949571968fbe","019dacfd-3d5e-7f0e-9535-61b14ca20378","","493","
                            <div style=""font-family: Arial; margin-bottom: 20px;""><h3>Which image is worth <b>more money</b>?</h3></div>
                            <div class=""stimulus-container"" style=""display: flex; width: 800px; justify-content: center; gap: 30px;"">
                                <img src=""images/semantic_sequence/physical_activity_semantic/physical_activity_semantic_7.png"" class=""small-image"">
                                <img src=""images/semantic_sequence/physical_activity_semantic/physical_activity_semantic_3.png"" class=""small-image"">
                            </div>","1","part3_choice_neighbors","physical_activity_semantic","semantic_sequence","","","2","5","3","0",""
"","","","","","survey-text","127","522573","0.0-85.0","DB7BB2978F8742CE854AE7789957E687","019dad29-30c1-7729-9ac0-949571968fbe","019dacfd-3d5e-7f0e-9535-61b14ca20378","","53262","","{""gender"":""MALE"",""age"":""29"",""decision_strategy"":""I decided based on aesthetic."",""consistency_check"":""I did. I went with the most visually pleasing photos.""}","demographics_and_strategy","","","","","","","","",""
"","","","","","instructions","128","526544","0.0-86.0","DB7BB2978F8742CE854AE7789957E687","019dad29-30c1-7729-9ac0-949571968fbe","019dacfd-3d5e-7f0e-9535-61b14ca20378","[{""page_index"":0,""viewing_time"":3970}]","3971","","","","","","","","","","","",""
