"success","timeout","failed_images","failed_audio","failed_video","trial_type","trial_index","time_elapsed","internal_node_id","subject_id","study_id","session_id","view_history","rt","stimulus","response","task","image_index","folder","valuable_image_index","reward_type","valuable_X","chosen_image_index","distance_from_X"
"false","false","[]","[]","[]","preload","0","2050","0.0-0.0","479F6E74C375417E820E549AACD7C22A","019ce87e-c897-7e27-ba65-8e7445581f6c","019ce875-66c2-7f0b-b5e8-086c75889f84","","","","","","","","","","","",""
"","","","","","instructions","1","3369","0.0-1.0","479F6E74C375417E820E549AACD7C22A","019ce87e-c897-7e27-ba65-8e7445581f6c","019ce875-66c2-7f0b-b5e8-086c75889f84","[{""page_index"":0,""viewing_time"":1314}]","1315","","","","","","","","","",""
"","","","","","instructions","2","6058","0.0-2.0","479F6E74C375417E820E549AACD7C22A","019ce87e-c897-7e27-ba65-8e7445581f6c","019ce875-66c2-7f0b-b5e8-086c75889f84","[{""page_index"":0,""viewing_time"":2688}]","2688","","","","","","","","","",""
"true","","","","","fullscreen","3","8552","0.0-3.0","479F6E74C375417E820E549AACD7C22A","019ce87e-c897-7e27-ba65-8e7445581f6c","019ce875-66c2-7f0b-b5e8-086c75889f84","","1488","","","","","","","","","",""
"","","","","","instructions","4","12877","0.0-4.0","479F6E74C375417E820E549AACD7C22A","019ce87e-c897-7e27-ba65-8e7445581f6c","019ce875-66c2-7f0b-b5e8-086c75889f84","[{""page_index"":0,""viewing_time"":4323}]","4324","","","","","","","","","",""
"","","","","","instructions","5","17526","0.0-5.0","479F6E74C375417E820E549AACD7C22A","019ce87e-c897-7e27-ba65-8e7445581f6c","019ce875-66c2-7f0b-b5e8-086c75889f84","[{""page_index"":0,""viewing_time"":4648}]","4648","","","","","","","","","",""
"","","","","","html-keyboard-response","6","21535","0.0-6.0","479F6E74C375417E820E549AACD7C22A","019ce87e-c897-7e27-ba65-8e7445581f6c","019ce875-66c2-7f0b-b5e8-086c75889f84","","null","
                <div class=""stimulus-container"">
                    <img src=""images/instructions/movie_1.png"" class=""exp-image"">
                    <div class=""question-area""></div> 
                </div>","null","","","","","","","",""
"","","","","","html-button-response","7","23136","0.0-7.0","479F6E74C375417E820E549AACD7C22A","019ce87e-c897-7e27-ba65-8e7445581f6c","019ce875-66c2-7f0b-b5e8-086c75889f84","","1599","
                <div class=""stimulus-container"">
                    <img src=""images/instructions/movie_1.png"" class=""exp-image"">
                    <div class=""question-area"">
                        <p style=""font-size: 20px; font-weight: bold; margin: 0;"">Was there a person in this image?</p>
                    </div>
                </div>","0","example_question","1","","","","","",""
"","","","","","html-keyboard-response","8","27141","0.0-8.0","479F6E74C375417E820E549AACD7C22A","019ce87e-c897-7e27-ba65-8e7445581f6c","019ce875-66c2-7f0b-b5e8-086c75889f84","","null","
                <div class=""stimulus-container"">
                    <img src=""images/instructions/movie_2.png"" class=""exp-image"">
                    <div class=""question-area""></div> 
                </div>","null","","","","","","","",""
"","","","","","html-button-response","9","27855","0.0-9.0","479F6E74C375417E820E549AACD7C22A","019ce87e-c897-7e27-ba65-8e7445581f6c","019ce875-66c2-7f0b-b5e8-086c75889f84","","713","
                <div class=""stimulus-container"">
                    <img src=""images/instructions/movie_2.png"" class=""exp-image"">
                    <div class=""question-area"">
                        <p style=""font-size: 20px; font-weight: bold; margin: 0;"">Was there a person in this image?</p>
                    </div>
                </div>","0","example_question","2","","","","","",""
"","","","","","html-keyboard-response","10","31859","0.0-10.0","479F6E74C375417E820E549AACD7C22A","019ce87e-c897-7e27-ba65-8e7445581f6c","019ce875-66c2-7f0b-b5e8-086c75889f84","","null","
                <div class=""stimulus-container"">
                    <img src=""images/instructions/movie_3.png"" class=""exp-image"">
                    <div class=""question-area""></div> 
                </div>","null","","","","","","","",""
"","","","","","html-button-response","11","32805","0.0-11.0","479F6E74C375417E820E549AACD7C22A","019ce87e-c897-7e27-ba65-8e7445581f6c","019ce875-66c2-7f0b-b5e8-086c75889f84","","945","
                <div class=""stimulus-container"">
                    <img src=""images/instructions/movie_3.png"" class=""exp-image"">
                    <div class=""question-area"">
                        <p style=""font-size: 20px; font-weight: bold; margin: 0;"">Was there a person in this image?</p>
                    </div>
                </div>","0","example_question","3","","","","","",""
"","","","","","html-keyboard-response","12","36806","0.0-12.0","479F6E74C375417E820E549AACD7C22A","019ce87e-c897-7e27-ba65-8e7445581f6c","019ce875-66c2-7f0b-b5e8-086c75889f84","","null","
                <div class=""stimulus-container"">
                    <img src=""images/instructions/movie_4.png"" class=""exp-image"">
                    <div class=""question-area""></div> 
                </div>","null","","","","","","","",""
"","","","","","html-button-response","13","37518","0.0-13.0","479F6E74C375417E820E549AACD7C22A","019ce87e-c897-7e27-ba65-8e7445581f6c","019ce875-66c2-7f0b-b5e8-086c75889f84","","710","
                <div class=""stimulus-container"">
                    <img src=""images/instructions/movie_4.png"" class=""exp-image"">
                    <div class=""question-area"">
                        <p style=""font-size: 20px; font-weight: bold; margin: 0;"">Was there a person in this image?</p>
                    </div>
                </div>","0","example_question","4","","","","","",""
"","","","","","instructions","14","39549","0.0-14.0","479F6E74C375417E820E549AACD7C22A","019ce87e-c897-7e27-ba65-8e7445581f6c","019ce875-66c2-7f0b-b5e8-086c75889f84","[{""page_index"":0,""viewing_time"":2030}]","2031","","","","","","","","","",""
"","","","","","html-keyboard-response","15","40550","0.0-15.0","479F6E74C375417E820E549AACD7C22A","019ce87e-c897-7e27-ba65-8e7445581f6c","019ce875-66c2-7f0b-b5e8-086c75889f84","","null","<div style=""background-color: gray; width: 100vw; height: 100vh;""></div>","null","","","","","","","",""
"","","","","","html-keyboard-response","16","45552","0.0-16.0","479F6E74C375417E820E549AACD7C22A","019ce87e-c897-7e27-ba65-8e7445581f6c","019ce875-66c2-7f0b-b5e8-086c75889f84","","null","
                    <div class=""stimulus-container"">
                        <img src=""images/causal_sequence/package_causal/package_causal_1.png"" class=""exp-image"">
                        <div class=""question-area""></div> 
                    </div>","null","","","","","","","",""
"","","","","","html-button-response","17","47037","0.0-17.0","479F6E74C375417E820E549AACD7C22A","019ce87e-c897-7e27-ba65-8e7445581f6c","019ce875-66c2-7f0b-b5e8-086c75889f84","","1483","
                    <div class=""stimulus-container"">
                        <img src=""images/causal_sequence/package_causal/package_causal_1.png"" class=""exp-image"">
                        <div class=""question-area"">
                            <p style=""font-size: 20px; font-weight: bold; margin: 0;"">Is there a person in this image?</p>
                        </div>
                    </div>","0","main_causal_task","1","package_causal","","","","",""
"","","","","","html-keyboard-response","18","52039","0.0-18.0","479F6E74C375417E820E549AACD7C22A","019ce87e-c897-7e27-ba65-8e7445581f6c","019ce875-66c2-7f0b-b5e8-086c75889f84","","null","
                    <div class=""stimulus-container"">
                        <img src=""images/causal_sequence/package_causal/package_causal_2.png"" class=""exp-image"">
                        <div class=""question-area""></div> 
                    </div>","null","","","","","","","",""
"","","","","","html-button-response","19","52624","0.0-19.0","479F6E74C375417E820E549AACD7C22A","019ce87e-c897-7e27-ba65-8e7445581f6c","019ce875-66c2-7f0b-b5e8-086c75889f84","","583","
                    <div class=""stimulus-container"">
                        <img src=""images/causal_sequence/package_causal/package_causal_2.png"" class=""exp-image"">
                        <div class=""question-area"">
                            <p style=""font-size: 20px; font-weight: bold; margin: 0;"">Is there a person in this image?</p>
                        </div>
                    </div>","0","main_causal_task","2","package_causal","","","","",""
"","","","","","html-keyboard-response","20","57631","0.0-20.0","479F6E74C375417E820E549AACD7C22A","019ce87e-c897-7e27-ba65-8e7445581f6c","019ce875-66c2-7f0b-b5e8-086c75889f84","","null","
                    <div class=""stimulus-container"">
                        <img src=""images/causal_sequence/package_causal/package_causal_3.png"" class=""exp-image"">
                        <div class=""question-area""></div> 
                    </div>","null","","","","","","","",""
"","","","","","html-button-response","21","58112","0.0-21.0","479F6E74C375417E820E549AACD7C22A","019ce87e-c897-7e27-ba65-8e7445581f6c","019ce875-66c2-7f0b-b5e8-086c75889f84","","480","
                    <div class=""stimulus-container"">
                        <img src=""images/causal_sequence/package_causal/package_causal_3.png"" class=""exp-image"">
                        <div class=""question-area"">
                            <p style=""font-size: 20px; font-weight: bold; margin: 0;"">Is there a person in this image?</p>
                        </div>
                    </div>","0","main_causal_task","3","package_causal","","","","",""
"","","","","","html-keyboard-response","22","63120","0.0-22.0","479F6E74C375417E820E549AACD7C22A","019ce87e-c897-7e27-ba65-8e7445581f6c","019ce875-66c2-7f0b-b5e8-086c75889f84","","null","
                    <div class=""stimulus-container"">
                        <img src=""images/causal_sequence/package_causal/package_causal_4.png"" class=""exp-image"">
                        <div class=""question-area""></div> 
                    </div>","null","","","","","","","",""
"","","","","","html-button-response","23","65698","0.0-23.0","479F6E74C375417E820E549AACD7C22A","019ce87e-c897-7e27-ba65-8e7445581f6c","019ce875-66c2-7f0b-b5e8-086c75889f84","","2576","
                    <div class=""stimulus-container"">
                        <img src=""images/causal_sequence/package_causal/package_causal_4.png"" class=""exp-image"">
                        <div class=""question-area"">
                            <p style=""font-size: 20px; font-weight: bold; margin: 0;"">Is there a person in this image?</p>
                        </div>
                    </div>","1","main_causal_task","4","package_causal","","","","",""
"","","","","","html-keyboard-response","24","70715","0.0-24.0","479F6E74C375417E820E549AACD7C22A","019ce87e-c897-7e27-ba65-8e7445581f6c","019ce875-66c2-7f0b-b5e8-086c75889f84","","null","
                    <div class=""stimulus-container"">
                        <img src=""images/causal_sequence/package_causal/package_causal_5.png"" class=""exp-image"">
                        <div class=""question-area""></div> 
                    </div>","null","","","","","","","",""
"","","","","","html-button-response","25","72091","0.0-25.0","479F6E74C375417E820E549AACD7C22A","019ce87e-c897-7e27-ba65-8e7445581f6c","019ce875-66c2-7f0b-b5e8-086c75889f84","","1374","
                    <div class=""stimulus-container"">
                        <img src=""images/causal_sequence/package_causal/package_causal_5.png"" class=""exp-image"">
                        <div class=""question-area"">
                            <p style=""font-size: 20px; font-weight: bold; margin: 0;"">Is there a person in this image?</p>
                        </div>
                    </div>","0","main_causal_task","5","package_causal","","","","",""
"","","","","","html-keyboard-response","26","77096","0.0-26.0","479F6E74C375417E820E549AACD7C22A","019ce87e-c897-7e27-ba65-8e7445581f6c","019ce875-66c2-7f0b-b5e8-086c75889f84","","null","
                    <div class=""stimulus-container"">
                        <img src=""images/causal_sequence/package_causal/package_causal_6.png"" class=""exp-image"">
                        <div class=""question-area""></div> 
                    </div>","null","","","","","","","",""
"","","","","","html-button-response","27","77850","0.0-27.0","479F6E74C375417E820E549AACD7C22A","019ce87e-c897-7e27-ba65-8e7445581f6c","019ce875-66c2-7f0b-b5e8-086c75889f84","","753","
                    <div class=""stimulus-container"">
                        <img src=""images/causal_sequence/package_causal/package_causal_6.png"" class=""exp-image"">
                        <div class=""question-area"">
                            <p style=""font-size: 20px; font-weight: bold; margin: 0;"">Is there a person in this image?</p>
                        </div>
                    </div>","0","main_causal_task","6","package_causal","","","","",""
"","","","","","html-keyboard-response","28","82858","0.0-28.0","479F6E74C375417E820E549AACD7C22A","019ce87e-c897-7e27-ba65-8e7445581f6c","019ce875-66c2-7f0b-b5e8-086c75889f84","","null","
                    <div class=""stimulus-container"">
                        <img src=""images/causal_sequence/package_causal/package_causal_7.png"" class=""exp-image"">
                        <div class=""question-area""></div> 
                    </div>","null","","","","","","","",""
"","","","","","html-button-response","29","83759","0.0-29.0","479F6E74C375417E820E549AACD7C22A","019ce87e-c897-7e27-ba65-8e7445581f6c","019ce875-66c2-7f0b-b5e8-086c75889f84","","900","
                    <div class=""stimulus-container"">
                        <img src=""images/causal_sequence/package_causal/package_causal_7.png"" class=""exp-image"">
                        <div class=""question-area"">
                            <p style=""font-size: 20px; font-weight: bold; margin: 0;"">Is there a person in this image?</p>
                        </div>
                    </div>","0","main_causal_task","7","package_causal","","","","",""
"","","","","","html-keyboard-response","30","88776","0.0-30.0","479F6E74C375417E820E549AACD7C22A","019ce87e-c897-7e27-ba65-8e7445581f6c","019ce875-66c2-7f0b-b5e8-086c75889f84","","null","
                    <div class=""stimulus-container"">
                        <img src=""images/causal_sequence/package_causal/package_causal_8.png"" class=""exp-image"">
                        <div class=""question-area""></div> 
                    </div>","null","","","","","","","",""
"","","","","","html-button-response","31","91781","0.0-31.0","479F6E74C375417E820E549AACD7C22A","019ce87e-c897-7e27-ba65-8e7445581f6c","019ce875-66c2-7f0b-b5e8-086c75889f84","","null","
                    <div class=""stimulus-container"">
                        <img src=""images/causal_sequence/package_causal/package_causal_8.png"" class=""exp-image"">
                        <div class=""question-area"">
                            <p style=""font-size: 20px; font-weight: bold; margin: 0;"">Is there a person in this image?</p>
                        </div>
                    </div>","null","main_causal_task","8","package_causal","","","","",""
"","","","","","html-keyboard-response","32","96784","0.0-32.0","479F6E74C375417E820E549AACD7C22A","019ce87e-c897-7e27-ba65-8e7445581f6c","019ce875-66c2-7f0b-b5e8-086c75889f84","","null","
                    <div class=""stimulus-container"">
                        <img src=""images/causal_sequence/package_causal/package_causal_9.png"" class=""exp-image"">
                        <div class=""question-area""></div> 
                    </div>","null","","","","","","","",""
"","","","","","html-button-response","33","97799","0.0-33.0","479F6E74C375417E820E549AACD7C22A","019ce87e-c897-7e27-ba65-8e7445581f6c","019ce875-66c2-7f0b-b5e8-086c75889f84","","1013","
                    <div class=""stimulus-container"">
                        <img src=""images/causal_sequence/package_causal/package_causal_9.png"" class=""exp-image"">
                        <div class=""question-area"">
                            <p style=""font-size: 20px; font-weight: bold; margin: 0;"">Is there a person in this image?</p>
                        </div>
                    </div>","0","main_causal_task","9","package_causal","","","","",""
"","","","","","html-keyboard-response","34","98814","0.0-34.0","479F6E74C375417E820E549AACD7C22A","019ce87e-c897-7e27-ba65-8e7445581f6c","019ce875-66c2-7f0b-b5e8-086c75889f84","","null","<div style=""background-color: gray; width: 100vw; height: 100vh;""></div>","null","","","","","","","",""
"","","","","","html-keyboard-response","35","103819","0.0-35.0","479F6E74C375417E820E549AACD7C22A","019ce87e-c897-7e27-ba65-8e7445581f6c","019ce875-66c2-7f0b-b5e8-086c75889f84","","null","
                    <div class=""stimulus-container"">
                        <img src=""images/causal_sequence/saving_a_cat_causal/saving_a_cat_causal_1.png"" class=""exp-image"">
                        <div class=""question-area""></div> 
                    </div>","null","","","","","","","",""
"","","","","","html-button-response","36","104977","0.0-36.0","479F6E74C375417E820E549AACD7C22A","019ce87e-c897-7e27-ba65-8e7445581f6c","019ce875-66c2-7f0b-b5e8-086c75889f84","","1156","
                    <div class=""stimulus-container"">
                        <img src=""images/causal_sequence/saving_a_cat_causal/saving_a_cat_causal_1.png"" class=""exp-image"">
                        <div class=""question-area"">
                            <p style=""font-size: 20px; font-weight: bold; margin: 0;"">Is there a person in this image?</p>
                        </div>
                    </div>","0","main_causal_task","1","saving_a_cat_causal","","","","",""
"","","","","","html-keyboard-response","37","109986","0.0-37.0","479F6E74C375417E820E549AACD7C22A","019ce87e-c897-7e27-ba65-8e7445581f6c","019ce875-66c2-7f0b-b5e8-086c75889f84","","null","
                    <div class=""stimulus-container"">
                        <img src=""images/causal_sequence/saving_a_cat_causal/saving_a_cat_causal_2.png"" class=""exp-image"">
                        <div class=""question-area""></div> 
                    </div>","null","","","","","","","",""
"","","","","","html-button-response","38","111289","0.0-38.0","479F6E74C375417E820E549AACD7C22A","019ce87e-c897-7e27-ba65-8e7445581f6c","019ce875-66c2-7f0b-b5e8-086c75889f84","","1302","
                    <div class=""stimulus-container"">
                        <img src=""images/causal_sequence/saving_a_cat_causal/saving_a_cat_causal_2.png"" class=""exp-image"">
                        <div class=""question-area"">
                            <p style=""font-size: 20px; font-weight: bold; margin: 0;"">Is there a person in this image?</p>
                        </div>
                    </div>","1","main_causal_task","2","saving_a_cat_causal","","","","",""
"","","","","","html-keyboard-response","39","116304","0.0-39.0","479F6E74C375417E820E549AACD7C22A","019ce87e-c897-7e27-ba65-8e7445581f6c","019ce875-66c2-7f0b-b5e8-086c75889f84","","null","
                    <div class=""stimulus-container"">
                        <img src=""images/causal_sequence/saving_a_cat_causal/saving_a_cat_causal_3.png"" class=""exp-image"">
                        <div class=""question-area""></div> 
                    </div>","null","","","","","","","",""
"","","","","","html-button-response","40","117034","0.0-40.0","479F6E74C375417E820E549AACD7C22A","019ce87e-c897-7e27-ba65-8e7445581f6c","019ce875-66c2-7f0b-b5e8-086c75889f84","","729","
                    <div class=""stimulus-container"">
                        <img src=""images/causal_sequence/saving_a_cat_causal/saving_a_cat_causal_3.png"" class=""exp-image"">
                        <div class=""question-area"">
                            <p style=""font-size: 20px; font-weight: bold; margin: 0;"">Is there a person in this image?</p>
                        </div>
                    </div>","1","main_causal_task","3","saving_a_cat_causal","","","","",""
"","","","","","html-keyboard-response","41","122046","0.0-41.0","479F6E74C375417E820E549AACD7C22A","019ce87e-c897-7e27-ba65-8e7445581f6c","019ce875-66c2-7f0b-b5e8-086c75889f84","","null","
                    <div class=""stimulus-container"">
                        <img src=""images/causal_sequence/saving_a_cat_causal/saving_a_cat_causal_4.png"" class=""exp-image"">
                        <div class=""question-area""></div> 
                    </div>","null","","","","","","","",""
"","","","","","html-button-response","42","122994","0.0-42.0","479F6E74C375417E820E549AACD7C22A","019ce87e-c897-7e27-ba65-8e7445581f6c","019ce875-66c2-7f0b-b5e8-086c75889f84","","946","
                    <div class=""stimulus-container"">
                        <img src=""images/causal_sequence/saving_a_cat_causal/saving_a_cat_causal_4.png"" class=""exp-image"">
                        <div class=""question-area"">
                            <p style=""font-size: 20px; font-weight: bold; margin: 0;"">Is there a person in this image?</p>
                        </div>
                    </div>","0","main_causal_task","4","saving_a_cat_causal","","","","",""
"","","","","","html-keyboard-response","43","128011","0.0-43.0","479F6E74C375417E820E549AACD7C22A","019ce87e-c897-7e27-ba65-8e7445581f6c","019ce875-66c2-7f0b-b5e8-086c75889f84","","null","
                    <div class=""stimulus-container"">
                        <img src=""images/causal_sequence/saving_a_cat_causal/saving_a_cat_causal_5.png"" class=""exp-image"">
                        <div class=""question-area""></div> 
                    </div>","null","","","","","","","",""
"","","","","","html-button-response","44","128681","0.0-44.0","479F6E74C375417E820E549AACD7C22A","019ce87e-c897-7e27-ba65-8e7445581f6c","019ce875-66c2-7f0b-b5e8-086c75889f84","","669","
                    <div class=""stimulus-container"">
                        <img src=""images/causal_sequence/saving_a_cat_causal/saving_a_cat_causal_5.png"" class=""exp-image"">
                        <div class=""question-area"">
                            <p style=""font-size: 20px; font-weight: bold; margin: 0;"">Is there a person in this image?</p>
                        </div>
                    </div>","0","main_causal_task","5","saving_a_cat_causal","","","","",""
"","","","","","html-keyboard-response","45","133686","0.0-45.0","479F6E74C375417E820E549AACD7C22A","019ce87e-c897-7e27-ba65-8e7445581f6c","019ce875-66c2-7f0b-b5e8-086c75889f84","","null","
                    <div class=""stimulus-container"">
                        <img src=""images/causal_sequence/saving_a_cat_causal/saving_a_cat_causal_6.png"" class=""exp-image"">
                        <div class=""question-area""></div> 
                    </div>","null","","","","","","","",""
"","","","","","html-button-response","46","134198","0.0-46.0","479F6E74C375417E820E549AACD7C22A","019ce87e-c897-7e27-ba65-8e7445581f6c","019ce875-66c2-7f0b-b5e8-086c75889f84","","510","
                    <div class=""stimulus-container"">
                        <img src=""images/causal_sequence/saving_a_cat_causal/saving_a_cat_causal_6.png"" class=""exp-image"">
                        <div class=""question-area"">
                            <p style=""font-size: 20px; font-weight: bold; margin: 0;"">Is there a person in this image?</p>
                        </div>
                    </div>","0","main_causal_task","6","saving_a_cat_causal","","","","",""
"","","","","","html-keyboard-response","47","139210","0.0-47.0","479F6E74C375417E820E549AACD7C22A","019ce87e-c897-7e27-ba65-8e7445581f6c","019ce875-66c2-7f0b-b5e8-086c75889f84","","null","
                    <div class=""stimulus-container"">
                        <img src=""images/causal_sequence/saving_a_cat_causal/saving_a_cat_causal_7.png"" class=""exp-image"">
                        <div class=""question-area""></div> 
                    </div>","null","","","","","","","",""
"","","","","","html-button-response","48","141224","0.0-48.0","479F6E74C375417E820E549AACD7C22A","019ce87e-c897-7e27-ba65-8e7445581f6c","019ce875-66c2-7f0b-b5e8-086c75889f84","","2013","
                    <div class=""stimulus-container"">
                        <img src=""images/causal_sequence/saving_a_cat_causal/saving_a_cat_causal_7.png"" class=""exp-image"">
                        <div class=""question-area"">
                            <p style=""font-size: 20px; font-weight: bold; margin: 0;"">Is there a person in this image?</p>
                        </div>
                    </div>","0","main_causal_task","7","saving_a_cat_causal","","","","",""
"","","","","","html-keyboard-response","49","146231","0.0-49.0","479F6E74C375417E820E549AACD7C22A","019ce87e-c897-7e27-ba65-8e7445581f6c","019ce875-66c2-7f0b-b5e8-086c75889f84","","null","
                    <div class=""stimulus-container"">
                        <img src=""images/causal_sequence/saving_a_cat_causal/saving_a_cat_causal_8.png"" class=""exp-image"">
                        <div class=""question-area""></div> 
                    </div>","null","","","","","","","",""
"","","","","","html-button-response","50","146696","0.0-50.0","479F6E74C375417E820E549AACD7C22A","019ce87e-c897-7e27-ba65-8e7445581f6c","019ce875-66c2-7f0b-b5e8-086c75889f84","","464","
                    <div class=""stimulus-container"">
                        <img src=""images/causal_sequence/saving_a_cat_causal/saving_a_cat_causal_8.png"" class=""exp-image"">
                        <div class=""question-area"">
                            <p style=""font-size: 20px; font-weight: bold; margin: 0;"">Is there a person in this image?</p>
                        </div>
                    </div>","0","main_causal_task","8","saving_a_cat_causal","","","","",""
"","","","","","html-keyboard-response","51","151702","0.0-51.0","479F6E74C375417E820E549AACD7C22A","019ce87e-c897-7e27-ba65-8e7445581f6c","019ce875-66c2-7f0b-b5e8-086c75889f84","","null","
                    <div class=""stimulus-container"">
                        <img src=""images/causal_sequence/saving_a_cat_causal/saving_a_cat_causal_9.png"" class=""exp-image"">
                        <div class=""question-area""></div> 
                    </div>","null","","","","","","","",""
"","","","","","html-button-response","52","152639","0.0-52.0","479F6E74C375417E820E549AACD7C22A","019ce87e-c897-7e27-ba65-8e7445581f6c","019ce875-66c2-7f0b-b5e8-086c75889f84","","936","
                    <div class=""stimulus-container"">
                        <img src=""images/causal_sequence/saving_a_cat_causal/saving_a_cat_causal_9.png"" class=""exp-image"">
                        <div class=""question-area"">
                            <p style=""font-size: 20px; font-weight: bold; margin: 0;"">Is there a person in this image?</p>
                        </div>
                    </div>","0","main_causal_task","9","saving_a_cat_causal","","","","",""
"","","","","","html-keyboard-response","53","153656","0.0-53.0","479F6E74C375417E820E549AACD7C22A","019ce87e-c897-7e27-ba65-8e7445581f6c","019ce875-66c2-7f0b-b5e8-086c75889f84","","null","<div style=""background-color: gray; width: 100vw; height: 100vh;""></div>","null","","","","","","","",""
"","","","","","html-keyboard-response","54","158673","0.0-54.0","479F6E74C375417E820E549AACD7C22A","019ce87e-c897-7e27-ba65-8e7445581f6c","019ce875-66c2-7f0b-b5e8-086c75889f84","","null","
                    <div class=""stimulus-container"">
                        <img src=""images/causal_sequence/coin_causal/coin_causal_1.png"" class=""exp-image"">
                        <div class=""question-area""></div> 
                    </div>","null","","","","","","","",""
"","","","","","html-button-response","55","159365","0.0-55.0","479F6E74C375417E820E549AACD7C22A","019ce87e-c897-7e27-ba65-8e7445581f6c","019ce875-66c2-7f0b-b5e8-086c75889f84","","691","
                    <div class=""stimulus-container"">
                        <img src=""images/causal_sequence/coin_causal/coin_causal_1.png"" class=""exp-image"">
                        <div class=""question-area"">
                            <p style=""font-size: 20px; font-weight: bold; margin: 0;"">Is there a person in this image?</p>
                        </div>
                    </div>","0","main_causal_task","1","coin_causal","","","","",""
"","","","","","html-keyboard-response","56","164366","0.0-56.0","479F6E74C375417E820E549AACD7C22A","019ce87e-c897-7e27-ba65-8e7445581f6c","019ce875-66c2-7f0b-b5e8-086c75889f84","","null","
                    <div class=""stimulus-container"">
                        <img src=""images/causal_sequence/coin_causal/coin_causal_2.png"" class=""exp-image"">
                        <div class=""question-area""></div> 
                    </div>","null","","","","","","","",""
"","","","","","html-button-response","57","164912","0.0-57.0","479F6E74C375417E820E549AACD7C22A","019ce87e-c897-7e27-ba65-8e7445581f6c","019ce875-66c2-7f0b-b5e8-086c75889f84","","544","
                    <div class=""stimulus-container"">
                        <img src=""images/causal_sequence/coin_causal/coin_causal_2.png"" class=""exp-image"">
                        <div class=""question-area"">
                            <p style=""font-size: 20px; font-weight: bold; margin: 0;"">Is there a person in this image?</p>
                        </div>
                    </div>","0","main_causal_task","2","coin_causal","","","","",""
"","","","","","html-keyboard-response","58","169923","0.0-58.0","479F6E74C375417E820E549AACD7C22A","019ce87e-c897-7e27-ba65-8e7445581f6c","019ce875-66c2-7f0b-b5e8-086c75889f84","","null","
                    <div class=""stimulus-container"">
                        <img src=""images/causal_sequence/coin_causal/coin_causal_3.png"" class=""exp-image"">
                        <div class=""question-area""></div> 
                    </div>","null","","","","","","","",""
"","","","","","html-button-response","59","170500","0.0-59.0","479F6E74C375417E820E549AACD7C22A","019ce87e-c897-7e27-ba65-8e7445581f6c","019ce875-66c2-7f0b-b5e8-086c75889f84","","576","
                    <div class=""stimulus-container"">
                        <img src=""images/causal_sequence/coin_causal/coin_causal_3.png"" class=""exp-image"">
                        <div class=""question-area"">
                            <p style=""font-size: 20px; font-weight: bold; margin: 0;"">Is there a person in this image?</p>
                        </div>
                    </div>","0","main_causal_task","3","coin_causal","","","","",""
"","","","","","html-keyboard-response","60","175511","0.0-60.0","479F6E74C375417E820E549AACD7C22A","019ce87e-c897-7e27-ba65-8e7445581f6c","019ce875-66c2-7f0b-b5e8-086c75889f84","","null","
                    <div class=""stimulus-container"">
                        <img src=""images/causal_sequence/coin_causal/coin_causal_4.png"" class=""exp-image"">
                        <div class=""question-area""></div> 
                    </div>","null","","","","","","","",""
"","","","","","html-button-response","61","177130","0.0-61.0","479F6E74C375417E820E549AACD7C22A","019ce87e-c897-7e27-ba65-8e7445581f6c","019ce875-66c2-7f0b-b5e8-086c75889f84","","1617","
                    <div class=""stimulus-container"">
                        <img src=""images/causal_sequence/coin_causal/coin_causal_4.png"" class=""exp-image"">
                        <div class=""question-area"">
                            <p style=""font-size: 20px; font-weight: bold; margin: 0;"">Is there a person in this image?</p>
                        </div>
                    </div>","0","main_causal_task","4","coin_causal","","","","",""
"","","","","","html-keyboard-response","62","182141","0.0-62.0","479F6E74C375417E820E549AACD7C22A","019ce87e-c897-7e27-ba65-8e7445581f6c","019ce875-66c2-7f0b-b5e8-086c75889f84","","null","
                    <div class=""stimulus-container"">
                        <img src=""images/causal_sequence/coin_causal/coin_causal_5.png"" class=""exp-image"">
                        <div class=""question-area""></div> 
                    </div>","null","","","","","","","",""
"","","","","","html-button-response","63","182638","0.0-63.0","479F6E74C375417E820E549AACD7C22A","019ce87e-c897-7e27-ba65-8e7445581f6c","019ce875-66c2-7f0b-b5e8-086c75889f84","","495","
                    <div class=""stimulus-container"">
                        <img src=""images/causal_sequence/coin_causal/coin_causal_5.png"" class=""exp-image"">
                        <div class=""question-area"">
                            <p style=""font-size: 20px; font-weight: bold; margin: 0;"">Is there a person in this image?</p>
                        </div>
                    </div>","0","main_causal_task","5","coin_causal","","","","",""
"","","","","","html-keyboard-response","64","187647","0.0-64.0","479F6E74C375417E820E549AACD7C22A","019ce87e-c897-7e27-ba65-8e7445581f6c","019ce875-66c2-7f0b-b5e8-086c75889f84","","null","
                    <div class=""stimulus-container"">
                        <img src=""images/causal_sequence/coin_causal/coin_causal_6.png"" class=""exp-image"">
                        <div class=""question-area""></div> 
                    </div>","null","","","","","","","",""
"","","","","","html-button-response","65","188171","0.0-65.0","479F6E74C375417E820E549AACD7C22A","019ce87e-c897-7e27-ba65-8e7445581f6c","019ce875-66c2-7f0b-b5e8-086c75889f84","","523","
                    <div class=""stimulus-container"">
                        <img src=""images/causal_sequence/coin_causal/coin_causal_6.png"" class=""exp-image"">
                        <div class=""question-area"">
                            <p style=""font-size: 20px; font-weight: bold; margin: 0;"">Is there a person in this image?</p>
                        </div>
                    </div>","0","main_causal_task","6","coin_causal","","","","",""
"","","","","","html-keyboard-response","66","193176","0.0-66.0","479F6E74C375417E820E549AACD7C22A","019ce87e-c897-7e27-ba65-8e7445581f6c","019ce875-66c2-7f0b-b5e8-086c75889f84","","null","
                    <div class=""stimulus-container"">
                        <img src=""images/causal_sequence/coin_causal/coin_causal_7.png"" class=""exp-image"">
                        <div class=""question-area""></div> 
                    </div>","null","","","","","","","",""
"","","","","","html-button-response","67","194138","0.0-67.0","479F6E74C375417E820E549AACD7C22A","019ce87e-c897-7e27-ba65-8e7445581f6c","019ce875-66c2-7f0b-b5e8-086c75889f84","","961","
                    <div class=""stimulus-container"">
                        <img src=""images/causal_sequence/coin_causal/coin_causal_7.png"" class=""exp-image"">
                        <div class=""question-area"">
                            <p style=""font-size: 20px; font-weight: bold; margin: 0;"">Is there a person in this image?</p>
                        </div>
                    </div>","1","main_causal_task","7","coin_causal","","","","",""
"","","","","","html-keyboard-response","68","199150","0.0-68.0","479F6E74C375417E820E549AACD7C22A","019ce87e-c897-7e27-ba65-8e7445581f6c","019ce875-66c2-7f0b-b5e8-086c75889f84","","null","
                    <div class=""stimulus-container"">
                        <img src=""images/causal_sequence/coin_causal/coin_causal_8.png"" class=""exp-image"">
                        <div class=""question-area""></div> 
                    </div>","null","","","","","","","",""
"","","","","","html-button-response","69","200078","0.0-69.0","479F6E74C375417E820E549AACD7C22A","019ce87e-c897-7e27-ba65-8e7445581f6c","019ce875-66c2-7f0b-b5e8-086c75889f84","","926","
                    <div class=""stimulus-container"">
                        <img src=""images/causal_sequence/coin_causal/coin_causal_8.png"" class=""exp-image"">
                        <div class=""question-area"">
                            <p style=""font-size: 20px; font-weight: bold; margin: 0;"">Is there a person in this image?</p>
                        </div>
                    </div>","0","main_causal_task","8","coin_causal","","","","",""
"","","","","","html-keyboard-response","70","205090","0.0-70.0","479F6E74C375417E820E549AACD7C22A","019ce87e-c897-7e27-ba65-8e7445581f6c","019ce875-66c2-7f0b-b5e8-086c75889f84","","null","
                    <div class=""stimulus-container"">
                        <img src=""images/causal_sequence/coin_causal/coin_causal_9.png"" class=""exp-image"">
                        <div class=""question-area""></div> 
                    </div>","null","","","","","","","",""
"","","","","","html-button-response","71","208107","0.0-71.0","479F6E74C375417E820E549AACD7C22A","019ce87e-c897-7e27-ba65-8e7445581f6c","019ce875-66c2-7f0b-b5e8-086c75889f84","","null","
                    <div class=""stimulus-container"">
                        <img src=""images/causal_sequence/coin_causal/coin_causal_9.png"" class=""exp-image"">
                        <div class=""question-area"">
                            <p style=""font-size: 20px; font-weight: bold; margin: 0;"">Is there a person in this image?</p>
                        </div>
                    </div>","null","main_causal_task","9","coin_causal","","","","",""
"","","","","","html-keyboard-response","72","209121","0.0-72.0","479F6E74C375417E820E549AACD7C22A","019ce87e-c897-7e27-ba65-8e7445581f6c","019ce875-66c2-7f0b-b5e8-086c75889f84","","null","<div style=""background-color: gray; width: 100vw; height: 100vh;""></div>","null","","","","","","","",""
"","","","","","html-keyboard-response","73","214127","0.0-73.0","479F6E74C375417E820E549AACD7C22A","019ce87e-c897-7e27-ba65-8e7445581f6c","019ce875-66c2-7f0b-b5e8-086c75889f84","","null","
                    <div class=""stimulus-container"">
                        <img src=""images/causal_sequence/the_performance_causal/the_performance_causal_1.png"" class=""exp-image"">
                        <div class=""question-area""></div> 
                    </div>","null","","","","","","","",""
"","","","","","html-button-response","74","214878","0.0-74.0","479F6E74C375417E820E549AACD7C22A","019ce87e-c897-7e27-ba65-8e7445581f6c","019ce875-66c2-7f0b-b5e8-086c75889f84","","749","
                    <div class=""stimulus-container"">
                        <img src=""images/causal_sequence/the_performance_causal/the_performance_causal_1.png"" class=""exp-image"">
                        <div class=""question-area"">
                            <p style=""font-size: 20px; font-weight: bold; margin: 0;"">Is there a person in this image?</p>
                        </div>
                    </div>","0","main_causal_task","1","the_performance_causal","","","","",""
"","","","","","html-keyboard-response","75","219880","0.0-75.0","479F6E74C375417E820E549AACD7C22A","019ce87e-c897-7e27-ba65-8e7445581f6c","019ce875-66c2-7f0b-b5e8-086c75889f84","","null","
                    <div class=""stimulus-container"">
                        <img src=""images/causal_sequence/the_performance_causal/the_performance_causal_2.png"" class=""exp-image"">
                        <div class=""question-area""></div> 
                    </div>","null","","","","","","","",""
"","","","","","html-button-response","76","220918","0.0-76.0","479F6E74C375417E820E549AACD7C22A","019ce87e-c897-7e27-ba65-8e7445581f6c","019ce875-66c2-7f0b-b5e8-086c75889f84","","1036","
                    <div class=""stimulus-container"">
                        <img src=""images/causal_sequence/the_performance_causal/the_performance_causal_2.png"" class=""exp-image"">
                        <div class=""question-area"">
                            <p style=""font-size: 20px; font-weight: bold; margin: 0;"">Is there a person in this image?</p>
                        </div>
                    </div>","0","main_causal_task","2","the_performance_causal","","","","",""
"","","","","","html-keyboard-response","77","225922","0.0-77.0","479F6E74C375417E820E549AACD7C22A","019ce87e-c897-7e27-ba65-8e7445581f6c","019ce875-66c2-7f0b-b5e8-086c75889f84","","null","
                    <div class=""stimulus-container"">
                        <img src=""images/causal_sequence/the_performance_causal/the_performance_causal_3.png"" class=""exp-image"">
                        <div class=""question-area""></div> 
                    </div>","null","","","","","","","",""
"","","","","","html-button-response","78","227538","0.0-78.0","479F6E74C375417E820E549AACD7C22A","019ce87e-c897-7e27-ba65-8e7445581f6c","019ce875-66c2-7f0b-b5e8-086c75889f84","","1614","
                    <div class=""stimulus-container"">
                        <img src=""images/causal_sequence/the_performance_causal/the_performance_causal_3.png"" class=""exp-image"">
                        <div class=""question-area"">
                            <p style=""font-size: 20px; font-weight: bold; margin: 0;"">Is there a person in this image?</p>
                        </div>
                    </div>","0","main_causal_task","3","the_performance_causal","","","","",""
"","","","","","html-keyboard-response","79","232550","0.0-79.0","479F6E74C375417E820E549AACD7C22A","019ce87e-c897-7e27-ba65-8e7445581f6c","019ce875-66c2-7f0b-b5e8-086c75889f84","","null","
                    <div class=""stimulus-container"">
                        <img src=""images/causal_sequence/the_performance_causal/the_performance_causal_4.png"" class=""exp-image"">
                        <div class=""question-area""></div> 
                    </div>","null","","","","","","","",""
"","","","","","html-button-response","80","233115","0.0-80.0","479F6E74C375417E820E549AACD7C22A","019ce87e-c897-7e27-ba65-8e7445581f6c","019ce875-66c2-7f0b-b5e8-086c75889f84","","562","
                    <div class=""stimulus-container"">
                        <img src=""images/causal_sequence/the_performance_causal/the_performance_causal_4.png"" class=""exp-image"">
                        <div class=""question-area"">
                            <p style=""font-size: 20px; font-weight: bold; margin: 0;"">Is there a person in this image?</p>
                        </div>
                    </div>","0","main_causal_task","4","the_performance_causal","","","","",""
"","","","","","html-keyboard-response","81","238129","0.0-81.0","479F6E74C375417E820E549AACD7C22A","019ce87e-c897-7e27-ba65-8e7445581f6c","019ce875-66c2-7f0b-b5e8-086c75889f84","","null","
                    <div class=""stimulus-container"">
                        <img src=""images/causal_sequence/the_performance_causal/the_performance_causal_5.png"" class=""exp-image"">
                        <div class=""question-area""></div> 
                    </div>","null","","","","","","","",""
"","","","","","html-button-response","82","239697","0.0-82.0","479F6E74C375417E820E549AACD7C22A","019ce87e-c897-7e27-ba65-8e7445581f6c","019ce875-66c2-7f0b-b5e8-086c75889f84","","1567","
                    <div class=""stimulus-container"">
                        <img src=""images/causal_sequence/the_performance_causal/the_performance_causal_5.png"" class=""exp-image"">
                        <div class=""question-area"">
                            <p style=""font-size: 20px; font-weight: bold; margin: 0;"">Is there a person in this image?</p>
                        </div>
                    </div>","0","main_causal_task","5","the_performance_causal","","","","",""
"","","","","","html-keyboard-response","83","244699","0.0-83.0","479F6E74C375417E820E549AACD7C22A","019ce87e-c897-7e27-ba65-8e7445581f6c","019ce875-66c2-7f0b-b5e8-086c75889f84","","null","
                    <div class=""stimulus-container"">
                        <img src=""images/causal_sequence/the_performance_causal/the_performance_causal_6.png"" class=""exp-image"">
                        <div class=""question-area""></div> 
                    </div>","null","","","","","","","",""
"","","","","","html-button-response","84","246404","0.0-84.0","479F6E74C375417E820E549AACD7C22A","019ce87e-c897-7e27-ba65-8e7445581f6c","019ce875-66c2-7f0b-b5e8-086c75889f84","","1704","
                    <div class=""stimulus-container"">
                        <img src=""images/causal_sequence/the_performance_causal/the_performance_causal_6.png"" class=""exp-image"">
                        <div class=""question-area"">
                            <p style=""font-size: 20px; font-weight: bold; margin: 0;"">Is there a person in this image?</p>
                        </div>
                    </div>","0","main_causal_task","6","the_performance_causal","","","","",""
"","","","","","html-keyboard-response","85","251415","0.0-85.0","479F6E74C375417E820E549AACD7C22A","019ce87e-c897-7e27-ba65-8e7445581f6c","019ce875-66c2-7f0b-b5e8-086c75889f84","","null","
                    <div class=""stimulus-container"">
                        <img src=""images/causal_sequence/the_performance_causal/the_performance_causal_7.png"" class=""exp-image"">
                        <div class=""question-area""></div> 
                    </div>","null","","","","","","","",""
"","","","","","html-button-response","86","252113","0.0-86.0","479F6E74C375417E820E549AACD7C22A","019ce87e-c897-7e27-ba65-8e7445581f6c","019ce875-66c2-7f0b-b5e8-086c75889f84","","696","
                    <div class=""stimulus-container"">
                        <img src=""images/causal_sequence/the_performance_causal/the_performance_causal_7.png"" class=""exp-image"">
                        <div class=""question-area"">
                            <p style=""font-size: 20px; font-weight: bold; margin: 0;"">Is there a person in this image?</p>
                        </div>
                    </div>","0","main_causal_task","7","the_performance_causal","","","","",""
"","","","","","html-keyboard-response","87","257128","0.0-87.0","479F6E74C375417E820E549AACD7C22A","019ce87e-c897-7e27-ba65-8e7445581f6c","019ce875-66c2-7f0b-b5e8-086c75889f84","","null","
                    <div class=""stimulus-container"">
                        <img src=""images/causal_sequence/the_performance_causal/the_performance_causal_8.png"" class=""exp-image"">
                        <div class=""question-area""></div> 
                    </div>","null","","","","","","","",""
"","","","","","html-button-response","88","257633","0.0-88.0","479F6E74C375417E820E549AACD7C22A","019ce87e-c897-7e27-ba65-8e7445581f6c","019ce875-66c2-7f0b-b5e8-086c75889f84","","503","
                    <div class=""stimulus-container"">
                        <img src=""images/causal_sequence/the_performance_causal/the_performance_causal_8.png"" class=""exp-image"">
                        <div class=""question-area"">
                            <p style=""font-size: 20px; font-weight: bold; margin: 0;"">Is there a person in this image?</p>
                        </div>
                    </div>","0","main_causal_task","8","the_performance_causal","","","","",""
"","","","","","html-keyboard-response","89","262635","0.0-89.0","479F6E74C375417E820E549AACD7C22A","019ce87e-c897-7e27-ba65-8e7445581f6c","019ce875-66c2-7f0b-b5e8-086c75889f84","","null","
                    <div class=""stimulus-container"">
                        <img src=""images/causal_sequence/the_performance_causal/the_performance_causal_9.png"" class=""exp-image"">
                        <div class=""question-area""></div> 
                    </div>","null","","","","","","","",""
"","","","","","html-button-response","90","263354","0.0-90.0","479F6E74C375417E820E549AACD7C22A","019ce87e-c897-7e27-ba65-8e7445581f6c","019ce875-66c2-7f0b-b5e8-086c75889f84","","718","
                    <div class=""stimulus-container"">
                        <img src=""images/causal_sequence/the_performance_causal/the_performance_causal_9.png"" class=""exp-image"">
                        <div class=""question-area"">
                            <p style=""font-size: 20px; font-weight: bold; margin: 0;"">Is there a person in this image?</p>
                        </div>
                    </div>","0","main_causal_task","9","the_performance_causal","","","","",""
"","","","","","html-keyboard-response","91","264365","0.0-91.0","479F6E74C375417E820E549AACD7C22A","019ce87e-c897-7e27-ba65-8e7445581f6c","019ce875-66c2-7f0b-b5e8-086c75889f84","","null","<div style=""background-color: gray; width: 100vw; height: 100vh;""></div>","null","","","","","","","",""
"","","","","","html-keyboard-response","92","269379","0.0-92.0","479F6E74C375417E820E549AACD7C22A","019ce87e-c897-7e27-ba65-8e7445581f6c","019ce875-66c2-7f0b-b5e8-086c75889f84","","null","
                    <div class=""stimulus-container"">
                        <img src=""images/causal_sequence/museum_causal/museum_causal_1.png"" class=""exp-image"">
                        <div class=""question-area""></div> 
                    </div>","null","","","","","","","",""
"","","","","","html-button-response","93","270170","0.0-93.0","479F6E74C375417E820E549AACD7C22A","019ce87e-c897-7e27-ba65-8e7445581f6c","019ce875-66c2-7f0b-b5e8-086c75889f84","","790","
                    <div class=""stimulus-container"">
                        <img src=""images/causal_sequence/museum_causal/museum_causal_1.png"" class=""exp-image"">
                        <div class=""question-area"">
                            <p style=""font-size: 20px; font-weight: bold; margin: 0;"">Is there a person in this image?</p>
                        </div>
                    </div>","0","main_causal_task","1","museum_causal","","","","",""
"","","","","","html-keyboard-response","94","275180","0.0-94.0","479F6E74C375417E820E549AACD7C22A","019ce87e-c897-7e27-ba65-8e7445581f6c","019ce875-66c2-7f0b-b5e8-086c75889f84","","null","
                    <div class=""stimulus-container"">
                        <img src=""images/causal_sequence/museum_causal/museum_causal_2.png"" class=""exp-image"">
                        <div class=""question-area""></div> 
                    </div>","null","","","","","","","",""
"","","","","","html-button-response","95","275837","0.0-95.0","479F6E74C375417E820E549AACD7C22A","019ce87e-c897-7e27-ba65-8e7445581f6c","019ce875-66c2-7f0b-b5e8-086c75889f84","","655","
                    <div class=""stimulus-container"">
                        <img src=""images/causal_sequence/museum_causal/museum_causal_2.png"" class=""exp-image"">
                        <div class=""question-area"">
                            <p style=""font-size: 20px; font-weight: bold; margin: 0;"">Is there a person in this image?</p>
                        </div>
                    </div>","0","main_causal_task","2","museum_causal","","","","",""
"","","","","","html-keyboard-response","96","280839","0.0-96.0","479F6E74C375417E820E549AACD7C22A","019ce87e-c897-7e27-ba65-8e7445581f6c","019ce875-66c2-7f0b-b5e8-086c75889f84","","null","
                    <div class=""stimulus-container"">
                        <img src=""images/causal_sequence/museum_causal/museum_causal_3.png"" class=""exp-image"">
                        <div class=""question-area""></div> 
                    </div>","null","","","","","","","",""
"","","","","","html-button-response","97","281721","0.0-97.0","479F6E74C375417E820E549AACD7C22A","019ce87e-c897-7e27-ba65-8e7445581f6c","019ce875-66c2-7f0b-b5e8-086c75889f84","","881","
                    <div class=""stimulus-container"">
                        <img src=""images/causal_sequence/museum_causal/museum_causal_3.png"" class=""exp-image"">
                        <div class=""question-area"">
                            <p style=""font-size: 20px; font-weight: bold; margin: 0;"">Is there a person in this image?</p>
                        </div>
                    </div>","0","main_causal_task","3","museum_causal","","","","",""
"","","","","","html-keyboard-response","98","286723","0.0-98.0","479F6E74C375417E820E549AACD7C22A","019ce87e-c897-7e27-ba65-8e7445581f6c","019ce875-66c2-7f0b-b5e8-086c75889f84","","null","
                    <div class=""stimulus-container"">
                        <img src=""images/causal_sequence/museum_causal/museum_causal_4.png"" class=""exp-image"">
                        <div class=""question-area""></div> 
                    </div>","null","","","","","","","",""
"","","","","","html-button-response","99","287484","0.0-99.0","479F6E74C375417E820E549AACD7C22A","019ce87e-c897-7e27-ba65-8e7445581f6c","019ce875-66c2-7f0b-b5e8-086c75889f84","","759","
                    <div class=""stimulus-container"">
                        <img src=""images/causal_sequence/museum_causal/museum_causal_4.png"" class=""exp-image"">
                        <div class=""question-area"">
                            <p style=""font-size: 20px; font-weight: bold; margin: 0;"">Is there a person in this image?</p>
                        </div>
                    </div>","1","main_causal_task","4","museum_causal","","","","",""
"","","","","","html-keyboard-response","100","292486","0.0-100.0","479F6E74C375417E820E549AACD7C22A","019ce87e-c897-7e27-ba65-8e7445581f6c","019ce875-66c2-7f0b-b5e8-086c75889f84","","null","
                    <div class=""stimulus-container"">
                        <img src=""images/causal_sequence/museum_causal/museum_causal_5.png"" class=""exp-image"">
                        <div class=""question-area""></div> 
                    </div>","null","","","","","","","",""
"","","","","","html-button-response","101","292972","0.0-101.0","479F6E74C375417E820E549AACD7C22A","019ce87e-c897-7e27-ba65-8e7445581f6c","019ce875-66c2-7f0b-b5e8-086c75889f84","","484","
                    <div class=""stimulus-container"">
                        <img src=""images/causal_sequence/museum_causal/museum_causal_5.png"" class=""exp-image"">
                        <div class=""question-area"">
                            <p style=""font-size: 20px; font-weight: bold; margin: 0;"">Is there a person in this image?</p>
                        </div>
                    </div>","0","main_causal_task","5","museum_causal","","","","",""
"","","","","","html-keyboard-response","102","297977","0.0-102.0","479F6E74C375417E820E549AACD7C22A","019ce87e-c897-7e27-ba65-8e7445581f6c","019ce875-66c2-7f0b-b5e8-086c75889f84","","null","
                    <div class=""stimulus-container"">
                        <img src=""images/causal_sequence/museum_causal/museum_causal_6.png"" class=""exp-image"">
                        <div class=""question-area""></div> 
                    </div>","null","","","","","","","",""
"","","","","","html-button-response","103","298401","0.0-103.0","479F6E74C375417E820E549AACD7C22A","019ce87e-c897-7e27-ba65-8e7445581f6c","019ce875-66c2-7f0b-b5e8-086c75889f84","","423","
                    <div class=""stimulus-container"">
                        <img src=""images/causal_sequence/museum_causal/museum_causal_6.png"" class=""exp-image"">
                        <div class=""question-area"">
                            <p style=""font-size: 20px; font-weight: bold; margin: 0;"">Is there a person in this image?</p>
                        </div>
                    </div>","0","main_causal_task","6","museum_causal","","","","",""
"","","","","","html-keyboard-response","104","303408","0.0-104.0","479F6E74C375417E820E549AACD7C22A","019ce87e-c897-7e27-ba65-8e7445581f6c","019ce875-66c2-7f0b-b5e8-086c75889f84","","null","
                    <div class=""stimulus-container"">
                        <img src=""images/causal_sequence/museum_causal/museum_causal_7.png"" class=""exp-image"">
                        <div class=""question-area""></div> 
                    </div>","null","","","","","","","",""
"","","","","","html-button-response","105","303836","0.0-105.0","479F6E74C375417E820E549AACD7C22A","019ce87e-c897-7e27-ba65-8e7445581f6c","019ce875-66c2-7f0b-b5e8-086c75889f84","","427","
                    <div class=""stimulus-container"">
                        <img src=""images/causal_sequence/museum_causal/museum_causal_7.png"" class=""exp-image"">
                        <div class=""question-area"">
                            <p style=""font-size: 20px; font-weight: bold; margin: 0;"">Is there a person in this image?</p>
                        </div>
                    </div>","1","main_causal_task","7","museum_causal","","","","",""
"","","","","","html-keyboard-response","106","308852","0.0-106.0","479F6E74C375417E820E549AACD7C22A","019ce87e-c897-7e27-ba65-8e7445581f6c","019ce875-66c2-7f0b-b5e8-086c75889f84","","null","
                    <div class=""stimulus-container"">
                        <img src=""images/causal_sequence/museum_causal/museum_causal_8.png"" class=""exp-image"">
                        <div class=""question-area""></div> 
                    </div>","null","","","","","","","",""
"","","","","","html-button-response","107","309563","0.0-107.0","479F6E74C375417E820E549AACD7C22A","019ce87e-c897-7e27-ba65-8e7445581f6c","019ce875-66c2-7f0b-b5e8-086c75889f84","","710","
                    <div class=""stimulus-container"">
                        <img src=""images/causal_sequence/museum_causal/museum_causal_8.png"" class=""exp-image"">
                        <div class=""question-area"">
                            <p style=""font-size: 20px; font-weight: bold; margin: 0;"">Is there a person in this image?</p>
                        </div>
                    </div>","0","main_causal_task","8","museum_causal","","","","",""
"","","","","","html-keyboard-response","108","314570","0.0-108.0","479F6E74C375417E820E549AACD7C22A","019ce87e-c897-7e27-ba65-8e7445581f6c","019ce875-66c2-7f0b-b5e8-086c75889f84","","null","
                    <div class=""stimulus-container"">
                        <img src=""images/causal_sequence/museum_causal/museum_causal_9.png"" class=""exp-image"">
                        <div class=""question-area""></div> 
                    </div>","null","","","","","","","",""
"","","","","","html-button-response","109","315210","0.0-109.0","479F6E74C375417E820E549AACD7C22A","019ce87e-c897-7e27-ba65-8e7445581f6c","019ce875-66c2-7f0b-b5e8-086c75889f84","","639","
                    <div class=""stimulus-container"">
                        <img src=""images/causal_sequence/museum_causal/museum_causal_9.png"" class=""exp-image"">
                        <div class=""question-area"">
                            <p style=""font-size: 20px; font-weight: bold; margin: 0;"">Is there a person in this image?</p>
                        </div>
                    </div>","1","main_causal_task","9","museum_causal","","","","",""
"","","","","","html-keyboard-response","110","316225","0.0-110.0","479F6E74C375417E820E549AACD7C22A","019ce87e-c897-7e27-ba65-8e7445581f6c","019ce875-66c2-7f0b-b5e8-086c75889f84","","null","<div style=""background-color: gray; width: 100vw; height: 100vh;""></div>","null","","","","","","","",""
"","","","","","html-keyboard-response","111","321232","0.0-111.0","479F6E74C375417E820E549AACD7C22A","019ce87e-c897-7e27-ba65-8e7445581f6c","019ce875-66c2-7f0b-b5e8-086c75889f84","","null","
                    <div class=""stimulus-container"">
                        <img src=""images/causal_sequence/dog_causal/dog_causal_1.png"" class=""exp-image"">
                        <div class=""question-area""></div> 
                    </div>","null","","","","","","","",""
"","","","","","html-button-response","112","322066","0.0-112.0","479F6E74C375417E820E549AACD7C22A","019ce87e-c897-7e27-ba65-8e7445581f6c","019ce875-66c2-7f0b-b5e8-086c75889f84","","833","
                    <div class=""stimulus-container"">
                        <img src=""images/causal_sequence/dog_causal/dog_causal_1.png"" class=""exp-image"">
                        <div class=""question-area"">
                            <p style=""font-size: 20px; font-weight: bold; margin: 0;"">Is there a person in this image?</p>
                        </div>
                    </div>","0","main_causal_task","1","dog_causal","","","","",""
"","","","","","html-keyboard-response","113","327074","0.0-113.0","479F6E74C375417E820E549AACD7C22A","019ce87e-c897-7e27-ba65-8e7445581f6c","019ce875-66c2-7f0b-b5e8-086c75889f84","","null","
                    <div class=""stimulus-container"">
                        <img src=""images/causal_sequence/dog_causal/dog_causal_2.png"" class=""exp-image"">
                        <div class=""question-area""></div> 
                    </div>","null","","","","","","","",""
"","","","","","html-button-response","114","327565","0.0-114.0","479F6E74C375417E820E549AACD7C22A","019ce87e-c897-7e27-ba65-8e7445581f6c","019ce875-66c2-7f0b-b5e8-086c75889f84","","490","
                    <div class=""stimulus-container"">
                        <img src=""images/causal_sequence/dog_causal/dog_causal_2.png"" class=""exp-image"">
                        <div class=""question-area"">
                            <p style=""font-size: 20px; font-weight: bold; margin: 0;"">Is there a person in this image?</p>
                        </div>
                    </div>","0","main_causal_task","2","dog_causal","","","","",""
"","","","","","html-keyboard-response","115","332569","0.0-115.0","479F6E74C375417E820E549AACD7C22A","019ce87e-c897-7e27-ba65-8e7445581f6c","019ce875-66c2-7f0b-b5e8-086c75889f84","","null","
                    <div class=""stimulus-container"">
                        <img src=""images/causal_sequence/dog_causal/dog_causal_3.png"" class=""exp-image"">
                        <div class=""question-area""></div> 
                    </div>","null","","","","","","","",""
"","","","","","html-button-response","116","333128","0.0-116.0","479F6E74C375417E820E549AACD7C22A","019ce87e-c897-7e27-ba65-8e7445581f6c","019ce875-66c2-7f0b-b5e8-086c75889f84","","558","
                    <div class=""stimulus-container"">
                        <img src=""images/causal_sequence/dog_causal/dog_causal_3.png"" class=""exp-image"">
                        <div class=""question-area"">
                            <p style=""font-size: 20px; font-weight: bold; margin: 0;"">Is there a person in this image?</p>
                        </div>
                    </div>","0","main_causal_task","3","dog_causal","","","","",""
"","","","","","html-keyboard-response","117","338132","0.0-117.0","479F6E74C375417E820E549AACD7C22A","019ce87e-c897-7e27-ba65-8e7445581f6c","019ce875-66c2-7f0b-b5e8-086c75889f84","","null","
                    <div class=""stimulus-container"">
                        <img src=""images/causal_sequence/dog_causal/dog_causal_4.png"" class=""exp-image"">
                        <div class=""question-area""></div> 
                    </div>","null","","","","","","","",""
"","","","","","html-button-response","118","338663","0.0-118.0","479F6E74C375417E820E549AACD7C22A","019ce87e-c897-7e27-ba65-8e7445581f6c","019ce875-66c2-7f0b-b5e8-086c75889f84","","529","
                    <div class=""stimulus-container"">
                        <img src=""images/causal_sequence/dog_causal/dog_causal_4.png"" class=""exp-image"">
                        <div class=""question-area"">
                            <p style=""font-size: 20px; font-weight: bold; margin: 0;"">Is there a person in this image?</p>
                        </div>
                    </div>","0","main_causal_task","4","dog_causal","","","","",""
"","","","","","html-keyboard-response","119","343677","0.0-119.0","479F6E74C375417E820E549AACD7C22A","019ce87e-c897-7e27-ba65-8e7445581f6c","019ce875-66c2-7f0b-b5e8-086c75889f84","","null","
                    <div class=""stimulus-container"">
                        <img src=""images/causal_sequence/dog_causal/dog_causal_5.png"" class=""exp-image"">
                        <div class=""question-area""></div> 
                    </div>","null","","","","","","","",""
"","","","","","html-button-response","120","344532","0.0-120.0","479F6E74C375417E820E549AACD7C22A","019ce87e-c897-7e27-ba65-8e7445581f6c","019ce875-66c2-7f0b-b5e8-086c75889f84","","853","
                    <div class=""stimulus-container"">
                        <img src=""images/causal_sequence/dog_causal/dog_causal_5.png"" class=""exp-image"">
                        <div class=""question-area"">
                            <p style=""font-size: 20px; font-weight: bold; margin: 0;"">Is there a person in this image?</p>
                        </div>
                    </div>","0","main_causal_task","5","dog_causal","","","","",""
"","","","","","html-keyboard-response","121","349537","0.0-121.0","479F6E74C375417E820E549AACD7C22A","019ce87e-c897-7e27-ba65-8e7445581f6c","019ce875-66c2-7f0b-b5e8-086c75889f84","","null","
                    <div class=""stimulus-container"">
                        <img src=""images/causal_sequence/dog_causal/dog_causal_6.png"" class=""exp-image"">
                        <div class=""question-area""></div> 
                    </div>","null","","","","","","","",""
"","","","","","html-button-response","122","350517","0.0-122.0","479F6E74C375417E820E549AACD7C22A","019ce87e-c897-7e27-ba65-8e7445581f6c","019ce875-66c2-7f0b-b5e8-086c75889f84","","979","
                    <div class=""stimulus-container"">
                        <img src=""images/causal_sequence/dog_causal/dog_causal_6.png"" class=""exp-image"">
                        <div class=""question-area"">
                            <p style=""font-size: 20px; font-weight: bold; margin: 0;"">Is there a person in this image?</p>
                        </div>
                    </div>","0","main_causal_task","6","dog_causal","","","","",""
"","","","","","html-keyboard-response","123","355525","0.0-123.0","479F6E74C375417E820E549AACD7C22A","019ce87e-c897-7e27-ba65-8e7445581f6c","019ce875-66c2-7f0b-b5e8-086c75889f84","","null","
                    <div class=""stimulus-container"">
                        <img src=""images/causal_sequence/dog_causal/dog_causal_7.png"" class=""exp-image"">
                        <div class=""question-area""></div> 
                    </div>","null","","","","","","","",""
"","","","","","html-button-response","124","356054","0.0-124.0","479F6E74C375417E820E549AACD7C22A","019ce87e-c897-7e27-ba65-8e7445581f6c","019ce875-66c2-7f0b-b5e8-086c75889f84","","528","
                    <div class=""stimulus-container"">
                        <img src=""images/causal_sequence/dog_causal/dog_causal_7.png"" class=""exp-image"">
                        <div class=""question-area"">
                            <p style=""font-size: 20px; font-weight: bold; margin: 0;"">Is there a person in this image?</p>
                        </div>
                    </div>","0","main_causal_task","7","dog_causal","","","","",""
"","","","","","html-keyboard-response","125","361068","0.0-125.0","479F6E74C375417E820E549AACD7C22A","019ce87e-c897-7e27-ba65-8e7445581f6c","019ce875-66c2-7f0b-b5e8-086c75889f84","","null","
                    <div class=""stimulus-container"">
                        <img src=""images/causal_sequence/dog_causal/dog_causal_8.png"" class=""exp-image"">
                        <div class=""question-area""></div> 
                    </div>","null","","","","","","","",""
"","","","","","html-button-response","126","361607","0.0-126.0","479F6E74C375417E820E549AACD7C22A","019ce87e-c897-7e27-ba65-8e7445581f6c","019ce875-66c2-7f0b-b5e8-086c75889f84","","537","
                    <div class=""stimulus-container"">
                        <img src=""images/causal_sequence/dog_causal/dog_causal_8.png"" class=""exp-image"">
                        <div class=""question-area"">
                            <p style=""font-size: 20px; font-weight: bold; margin: 0;"">Is there a person in this image?</p>
                        </div>
                    </div>","0","main_causal_task","8","dog_causal","","","","",""
"","","","","","html-keyboard-response","127","366613","0.0-127.0","479F6E74C375417E820E549AACD7C22A","019ce87e-c897-7e27-ba65-8e7445581f6c","019ce875-66c2-7f0b-b5e8-086c75889f84","","null","
                    <div class=""stimulus-container"">
                        <img src=""images/causal_sequence/dog_causal/dog_causal_9.png"" class=""exp-image"">
                        <div class=""question-area""></div> 
                    </div>","null","","","","","","","",""
"","","","","","html-button-response","128","367391","0.0-128.0","479F6E74C375417E820E549AACD7C22A","019ce87e-c897-7e27-ba65-8e7445581f6c","019ce875-66c2-7f0b-b5e8-086c75889f84","","777","
                    <div class=""stimulus-container"">
                        <img src=""images/causal_sequence/dog_causal/dog_causal_9.png"" class=""exp-image"">
                        <div class=""question-area"">
                            <p style=""font-size: 20px; font-weight: bold; margin: 0;"">Is there a person in this image?</p>
                        </div>
                    </div>","0","main_causal_task","9","dog_causal","","","","",""
"","","","","","instructions","129","369043","0.0-129.0","479F6E74C375417E820E549AACD7C22A","019ce87e-c897-7e27-ba65-8e7445581f6c","019ce875-66c2-7f0b-b5e8-086c75889f84","[{""page_index"":0,""viewing_time"":1651}]","1651","","","","","","","","","",""
"","","","","","instructions","130","374173","0.0-130.0","479F6E74C375417E820E549AACD7C22A","019ce87e-c897-7e27-ba65-8e7445581f6c","019ce875-66c2-7f0b-b5e8-086c75889f84","[{""page_index"":0,""viewing_time"":5129}]","5129","","","","","","","","","",""
"","","","","","html-button-response","131","377525","0.0-131.0-0.0","479F6E74C375417E820E549AACD7C22A","019ce87e-c897-7e27-ba65-8e7445581f6c","019ce875-66c2-7f0b-b5e8-086c75889f84","","3350","
                <div style=""margin-bottom:20px;""><h3>Example: Valuable Image</h3></div>
                <div class=""stimulus-container"" style=""display: flex; align-items: center; justify-content: center; gap: 30px;"">
                    <img src=""images/instructions/movie_1.png"" class=""exp-image"">
                    <div style=""font-size: 35px; font-weight: bold; color: green; border: 5px solid green; padding: 20px; border-radius: 15px; background-color: #f0fff0;"">
                        WORTH<br>$1
                    </div>
                </div>
                <div class=""question-area""><p>Was there a person in this image?</p></div>","0","","","","","","","",""
"","","","","","html-button-response","132","380444","0.0-131.0-1.0","479F6E74C375417E820E549AACD7C22A","019ce87e-c897-7e27-ba65-8e7445581f6c","019ce875-66c2-7f0b-b5e8-086c75889f84","","2918","
                <div style=""margin-bottom:20px;""><h3>Example: Neutral Image</h3></div>
                <div class=""stimulus-container"" style=""display: flex; align-items: center; justify-content: center; gap: 30px;"">
                    <img src=""images/instructions/movie_2.png"" class=""exp-image"">
                    <div style=""font-size: 35px; font-weight: bold; color: grey; border: 5px solid grey; padding: 20px; border-radius: 15px; background-color: #f0f0f0;"">
                        NEUTRAL<br>VALUE
                    </div>
                </div>
                <div class=""question-area""><p>Was there a person in this image?</p></div>","1","","","","","","","",""
"","","","","","html-keyboard-response","133","388452","0.0-132.0","479F6E74C375417E820E549AACD7C22A","019ce87e-c897-7e27-ba65-8e7445581f6c","019ce875-66c2-7f0b-b5e8-086c75889f84","","null","
            <div class=""stimulus-container"" style=""display: flex; align-items: center; justify-content: center; gap: 30px;"">
                <img src=""images/causal_sequence/the_performance_causal/the_performance_causal_7.png"" class=""exp-image"">
                <div style=""font-size: 40px; font-weight: bold; color: green; border: 5px solid green; padding: 25px; border-radius: 15px; background-color: #f0fff0;"">
                    WORTH<br>$1
                </div>
            </div>
            <div class=""question-area""></div>","null","","","","","","","",""
"","","","","","html-button-response","134","390285","0.0-133.0","479F6E74C375417E820E549AACD7C22A","019ce87e-c897-7e27-ba65-8e7445581f6c","019ce875-66c2-7f0b-b5e8-086c75889f84","","1831","
            <div class=""stimulus-container"" style=""display: flex; align-items: center; justify-content: center; gap: 30px;"">
                <img src=""images/causal_sequence/the_performance_causal/the_performance_causal_7.png"" class=""exp-image"">
                <div style=""font-size: 40px; font-weight: bold; color: green; border: 5px solid green; padding: 25px; border-radius: 15px; background-color: #f0fff0;"">
                    WORTH<br>$1
                </div>
            </div>
            <div class=""question-area"">
                <p style=""font-size: 20px; font-weight: bold; margin: 0;"">Was there a person in this image?</p>
            </div>","0","part2_value_learning","","the_performance_causal","7","valuable","","",""
"","","","","","html-keyboard-response","135","398289","0.0-134.0","479F6E74C375417E820E549AACD7C22A","019ce87e-c897-7e27-ba65-8e7445581f6c","019ce875-66c2-7f0b-b5e8-086c75889f84","","null","
            <div class=""stimulus-container"" style=""display: flex; align-items: center; justify-content: center; gap: 30px;"">
                <img src=""images/causal_sequence/package_causal/package_causal_7.png"" class=""exp-image"">
                <div style=""font-size: 40px; font-weight: bold; color: green; border: 5px solid green; padding: 25px; border-radius: 15px; background-color: #f0fff0;"">
                    WORTH<br>$1
                </div>
            </div>
            <div class=""question-area""></div>","null","","","","","","","",""
"","","","","","html-button-response","136","399185","0.0-135.0","479F6E74C375417E820E549AACD7C22A","019ce87e-c897-7e27-ba65-8e7445581f6c","019ce875-66c2-7f0b-b5e8-086c75889f84","","894","
            <div class=""stimulus-container"" style=""display: flex; align-items: center; justify-content: center; gap: 30px;"">
                <img src=""images/causal_sequence/package_causal/package_causal_7.png"" class=""exp-image"">
                <div style=""font-size: 40px; font-weight: bold; color: green; border: 5px solid green; padding: 25px; border-radius: 15px; background-color: #f0fff0;"">
                    WORTH<br>$1
                </div>
            </div>
            <div class=""question-area"">
                <p style=""font-size: 20px; font-weight: bold; margin: 0;"">Was there a person in this image?</p>
            </div>","0","part2_value_learning","","package_causal","7","valuable","","",""
"","","","","","html-keyboard-response","137","407190","0.0-136.0","479F6E74C375417E820E549AACD7C22A","019ce87e-c897-7e27-ba65-8e7445581f6c","019ce875-66c2-7f0b-b5e8-086c75889f84","","null","
            <div class=""stimulus-container"" style=""display: flex; align-items: center; justify-content: center; gap: 30px;"">
                <img src=""images/causal_sequence/museum_causal/museum_causal_4.png"" class=""exp-image"">
                <div style=""font-size: 40px; font-weight: bold; color: green; border: 5px solid green; padding: 25px; border-radius: 15px; background-color: #f0fff0;"">
                    WORTH<br>$1
                </div>
            </div>
            <div class=""question-area""></div>","null","","","","","","","",""
"","","","","","html-button-response","138","407971","0.0-137.0","479F6E74C375417E820E549AACD7C22A","019ce87e-c897-7e27-ba65-8e7445581f6c","019ce875-66c2-7f0b-b5e8-086c75889f84","","779","
            <div class=""stimulus-container"" style=""display: flex; align-items: center; justify-content: center; gap: 30px;"">
                <img src=""images/causal_sequence/museum_causal/museum_causal_4.png"" class=""exp-image"">
                <div style=""font-size: 40px; font-weight: bold; color: green; border: 5px solid green; padding: 25px; border-radius: 15px; background-color: #f0fff0;"">
                    WORTH<br>$1
                </div>
            </div>
            <div class=""question-area"">
                <p style=""font-size: 20px; font-weight: bold; margin: 0;"">Was there a person in this image?</p>
            </div>","1","part2_value_learning","","museum_causal","4","valuable","","",""
"","","","","","html-keyboard-response","139","415978","0.0-138.0","479F6E74C375417E820E549AACD7C22A","019ce87e-c897-7e27-ba65-8e7445581f6c","019ce875-66c2-7f0b-b5e8-086c75889f84","","null","
            <div class=""stimulus-container"" style=""display: flex; align-items: center; justify-content: center; gap: 30px;"">
                <img src=""images/causal_sequence/saving_a_cat_causal/saving_a_cat_causal_6.png"" class=""exp-image"">
                <div style=""font-size: 40px; font-weight: bold; color: grey; border: 5px solid grey; padding: 25px; border-radius: 15px; background-color: #f0f0f0;"">
                    NEUTRAL<br>VALUE
                </div>
            </div>
            <div class=""question-area""></div>","null","","","","","","","",""
"","","","","","html-button-response","140","417062","0.0-139.0","479F6E74C375417E820E549AACD7C22A","019ce87e-c897-7e27-ba65-8e7445581f6c","019ce875-66c2-7f0b-b5e8-086c75889f84","","1082","
            <div class=""stimulus-container"" style=""display: flex; align-items: center; justify-content: center; gap: 30px;"">
                <img src=""images/causal_sequence/saving_a_cat_causal/saving_a_cat_causal_6.png"" class=""exp-image"">
                <div style=""font-size: 40px; font-weight: bold; color: grey; border: 5px solid grey; padding: 25px; border-radius: 15px; background-color: #f0f0f0;"">
                    NEUTRAL<br>VALUE
                </div>
            </div>
            <div class=""question-area"">
                <p style=""font-size: 20px; font-weight: bold; margin: 0;"">Was there a person in this image?</p>
            </div>","0","part2_value_learning","","saving_a_cat_causal","6","neutral","","",""
"","","","","","html-keyboard-response","141","425068","0.0-140.0","479F6E74C375417E820E549AACD7C22A","019ce87e-c897-7e27-ba65-8e7445581f6c","019ce875-66c2-7f0b-b5e8-086c75889f84","","null","
            <div class=""stimulus-container"" style=""display: flex; align-items: center; justify-content: center; gap: 30px;"">
                <img src=""images/causal_sequence/dog_causal/dog_causal_3.png"" class=""exp-image"">
                <div style=""font-size: 40px; font-weight: bold; color: grey; border: 5px solid grey; padding: 25px; border-radius: 15px; background-color: #f0f0f0;"">
                    NEUTRAL<br>VALUE
                </div>
            </div>
            <div class=""question-area""></div>","null","","","","","","","",""
"","","","","","html-button-response","142","425872","0.0-141.0","479F6E74C375417E820E549AACD7C22A","019ce87e-c897-7e27-ba65-8e7445581f6c","019ce875-66c2-7f0b-b5e8-086c75889f84","","802","
            <div class=""stimulus-container"" style=""display: flex; align-items: center; justify-content: center; gap: 30px;"">
                <img src=""images/causal_sequence/dog_causal/dog_causal_3.png"" class=""exp-image"">
                <div style=""font-size: 40px; font-weight: bold; color: grey; border: 5px solid grey; padding: 25px; border-radius: 15px; background-color: #f0f0f0;"">
                    NEUTRAL<br>VALUE
                </div>
            </div>
            <div class=""question-area"">
                <p style=""font-size: 20px; font-weight: bold; margin: 0;"">Was there a person in this image?</p>
            </div>","0","part2_value_learning","","dog_causal","3","neutral","","",""
"","","","","","html-keyboard-response","143","433878","0.0-142.0","479F6E74C375417E820E549AACD7C22A","019ce87e-c897-7e27-ba65-8e7445581f6c","019ce875-66c2-7f0b-b5e8-086c75889f84","","null","
            <div class=""stimulus-container"" style=""display: flex; align-items: center; justify-content: center; gap: 30px;"">
                <img src=""images/causal_sequence/coin_causal/coin_causal_6.png"" class=""exp-image"">
                <div style=""font-size: 40px; font-weight: bold; color: grey; border: 5px solid grey; padding: 25px; border-radius: 15px; background-color: #f0f0f0;"">
                    NEUTRAL<br>VALUE
                </div>
            </div>
            <div class=""question-area""></div>","null","","","","","","","",""
"","","","","","html-button-response","144","434792","0.0-143.0","479F6E74C375417E820E549AACD7C22A","019ce87e-c897-7e27-ba65-8e7445581f6c","019ce875-66c2-7f0b-b5e8-086c75889f84","","913","
            <div class=""stimulus-container"" style=""display: flex; align-items: center; justify-content: center; gap: 30px;"">
                <img src=""images/causal_sequence/coin_causal/coin_causal_6.png"" class=""exp-image"">
                <div style=""font-size: 40px; font-weight: bold; color: grey; border: 5px solid grey; padding: 25px; border-radius: 15px; background-color: #f0f0f0;"">
                    NEUTRAL<br>VALUE
                </div>
            </div>
            <div class=""question-area"">
                <p style=""font-size: 20px; font-weight: bold; margin: 0;"">Was there a person in this image?</p>
            </div>","0","part2_value_learning","","coin_causal","6","neutral","","",""
"","","","","","instructions","145","436526","0.0-144.0","479F6E74C375417E820E549AACD7C22A","019ce87e-c897-7e27-ba65-8e7445581f6c","019ce875-66c2-7f0b-b5e8-086c75889f84","[{""page_index"":0,""viewing_time"":1733}]","1733","","","","","","","","","",""
"","","","","","html-keyboard-response","146","446532","0.0-145.0-0.0","479F6E74C375417E820E549AACD7C22A","019ce87e-c897-7e27-ba65-8e7445581f6c","019ce875-66c2-7f0b-b5e8-086c75889f84","","null","
                        <div style=""font-family: Arial; margin-bottom: 20px;""><h3>Which image is more valuable?</h3></div>
                        <div class=""stimulus-container"" style=""display: flex; width: 1100px; justify-content: center; gap: 50px;"">
                            <img src=""images/causal_sequence/dog_causal/dog_causal_2.png"" class=""exp-image"">
                            <img src=""images/causal_sequence/dog_causal/dog_causal_4.png"" class=""exp-image"">
                        </div>","null","","","","","","","",""
"","","","","","html-button-response","147","448015","0.0-145.0-1.0","479F6E74C375417E820E549AACD7C22A","019ce87e-c897-7e27-ba65-8e7445581f6c","019ce875-66c2-7f0b-b5e8-086c75889f84","","1480","
                        <div style=""font-family: Arial; margin-bottom: 20px;""><h3>Which image is more valuable?</h3></div>
                        <div class=""stimulus-container"" style=""display: flex; width: 1100px; justify-content: center; gap: 50px;"">
                            <img src=""images/causal_sequence/dog_causal/dog_causal_2.png"" class=""exp-image"">
                            <img src=""images/causal_sequence/dog_causal/dog_causal_4.png"" class=""exp-image"">
                        </div>","1","part3_final_choice","","dog_causal","","neutral","3","4","1"
"","","","","","html-keyboard-response","148","458022","0.0-146.0-0.0","479F6E74C375417E820E549AACD7C22A","019ce87e-c897-7e27-ba65-8e7445581f6c","019ce875-66c2-7f0b-b5e8-086c75889f84","","null","
                        <div style=""font-family: Arial; margin-bottom: 20px;""><h3>Which image is more valuable?</h3></div>
                        <div class=""stimulus-container"" style=""display: flex; width: 1100px; justify-content: center; gap: 50px;"">
                            <img src=""images/causal_sequence/museum_causal/museum_causal_5.png"" class=""exp-image"">
                            <img src=""images/causal_sequence/museum_causal/museum_causal_3.png"" class=""exp-image"">
                        </div>","null","","","","","","","",""
"","","","","","html-button-response","149","458825","0.0-146.0-1.0","479F6E74C375417E820E549AACD7C22A","019ce87e-c897-7e27-ba65-8e7445581f6c","019ce875-66c2-7f0b-b5e8-086c75889f84","","802","
                        <div style=""font-family: Arial; margin-bottom: 20px;""><h3>Which image is more valuable?</h3></div>
                        <div class=""stimulus-container"" style=""display: flex; width: 1100px; justify-content: center; gap: 50px;"">
                            <img src=""images/causal_sequence/museum_causal/museum_causal_5.png"" class=""exp-image"">
                            <img src=""images/causal_sequence/museum_causal/museum_causal_3.png"" class=""exp-image"">
                        </div>","0","part3_final_choice","","museum_causal","","valuable","4","5","1"
"","","","","","html-keyboard-response","150","468830","0.0-147.0-0.0","479F6E74C375417E820E549AACD7C22A","019ce87e-c897-7e27-ba65-8e7445581f6c","019ce875-66c2-7f0b-b5e8-086c75889f84","","null","
                        <div style=""font-family: Arial; margin-bottom: 20px;""><h3>Which image is more valuable?</h3></div>
                        <div class=""stimulus-container"" style=""display: flex; width: 1100px; justify-content: center; gap: 50px;"">
                            <img src=""images/causal_sequence/coin_causal/coin_causal_7.png"" class=""exp-image"">
                            <img src=""images/causal_sequence/coin_causal/coin_causal_5.png"" class=""exp-image"">
                        </div>","null","","","","","","","",""
"","","","","","html-button-response","151","469888","0.0-147.0-1.0","479F6E74C375417E820E549AACD7C22A","019ce87e-c897-7e27-ba65-8e7445581f6c","019ce875-66c2-7f0b-b5e8-086c75889f84","","1056","
                        <div style=""font-family: Arial; margin-bottom: 20px;""><h3>Which image is more valuable?</h3></div>
                        <div class=""stimulus-container"" style=""display: flex; width: 1100px; justify-content: center; gap: 50px;"">
                            <img src=""images/causal_sequence/coin_causal/coin_causal_7.png"" class=""exp-image"">
                            <img src=""images/causal_sequence/coin_causal/coin_causal_5.png"" class=""exp-image"">
                        </div>","1","part3_final_choice","","coin_causal","","neutral","6","5","-1"
"","","","","","html-keyboard-response","152","479896","0.0-148.0-0.0","479F6E74C375417E820E549AACD7C22A","019ce87e-c897-7e27-ba65-8e7445581f6c","019ce875-66c2-7f0b-b5e8-086c75889f84","","null","
                        <div style=""font-family: Arial; margin-bottom: 20px;""><h3>Which image is more valuable?</h3></div>
                        <div class=""stimulus-container"" style=""display: flex; width: 1100px; justify-content: center; gap: 50px;"">
                            <img src=""images/causal_sequence/the_performance_causal/the_performance_causal_6.png"" class=""exp-image"">
                            <img src=""images/causal_sequence/the_performance_causal/the_performance_causal_8.png"" class=""exp-image"">
                        </div>","null","","","","","","","",""
"","","","","","html-button-response","153","481469","0.0-148.0-1.0","479F6E74C375417E820E549AACD7C22A","019ce87e-c897-7e27-ba65-8e7445581f6c","019ce875-66c2-7f0b-b5e8-086c75889f84","","1571","
                        <div style=""font-family: Arial; margin-bottom: 20px;""><h3>Which image is more valuable?</h3></div>
                        <div class=""stimulus-container"" style=""display: flex; width: 1100px; justify-content: center; gap: 50px;"">
                            <img src=""images/causal_sequence/the_performance_causal/the_performance_causal_6.png"" class=""exp-image"">
                            <img src=""images/causal_sequence/the_performance_causal/the_performance_causal_8.png"" class=""exp-image"">
                        </div>","0","part3_final_choice","","the_performance_causal","","valuable","7","6","-1"
"","","","","","html-keyboard-response","154","491482","0.0-149.0-0.0","479F6E74C375417E820E549AACD7C22A","019ce87e-c897-7e27-ba65-8e7445581f6c","019ce875-66c2-7f0b-b5e8-086c75889f84","","null","
                        <div style=""font-family: Arial; margin-bottom: 20px;""><h3>Which image is more valuable?</h3></div>
                        <div class=""stimulus-container"" style=""display: flex; width: 1100px; justify-content: center; gap: 50px;"">
                            <img src=""images/causal_sequence/saving_a_cat_causal/saving_a_cat_causal_7.png"" class=""exp-image"">
                            <img src=""images/causal_sequence/saving_a_cat_causal/saving_a_cat_causal_5.png"" class=""exp-image"">
                        </div>","null","","","","","","","",""
"","","","","","html-button-response","155","493111","0.0-149.0-1.0","479F6E74C375417E820E549AACD7C22A","019ce87e-c897-7e27-ba65-8e7445581f6c","019ce875-66c2-7f0b-b5e8-086c75889f84","","1627","
                        <div style=""font-family: Arial; margin-bottom: 20px;""><h3>Which image is more valuable?</h3></div>
                        <div class=""stimulus-container"" style=""display: flex; width: 1100px; justify-content: center; gap: 50px;"">
                            <img src=""images/causal_sequence/saving_a_cat_causal/saving_a_cat_causal_7.png"" class=""exp-image"">
                            <img src=""images/causal_sequence/saving_a_cat_causal/saving_a_cat_causal_5.png"" class=""exp-image"">
                        </div>","1","part3_final_choice","","saving_a_cat_causal","","neutral","6","5","-1"
"","","","","","html-keyboard-response","156","503113","0.0-150.0-0.0","479F6E74C375417E820E549AACD7C22A","019ce87e-c897-7e27-ba65-8e7445581f6c","019ce875-66c2-7f0b-b5e8-086c75889f84","","null","
                        <div style=""font-family: Arial; margin-bottom: 20px;""><h3>Which image is more valuable?</h3></div>
                        <div class=""stimulus-container"" style=""display: flex; width: 1100px; justify-content: center; gap: 50px;"">
                            <img src=""images/causal_sequence/package_causal/package_causal_6.png"" class=""exp-image"">
                            <img src=""images/causal_sequence/package_causal/package_causal_8.png"" class=""exp-image"">
                        </div>","null","","","","","","","",""
"","","","","","html-button-response","157","511511","0.0-150.0-1.0","479F6E74C375417E820E549AACD7C22A","019ce87e-c897-7e27-ba65-8e7445581f6c","019ce875-66c2-7f0b-b5e8-086c75889f84","","8397","
                        <div style=""font-family: Arial; margin-bottom: 20px;""><h3>Which image is more valuable?</h3></div>
                        <div class=""stimulus-container"" style=""display: flex; width: 1100px; justify-content: center; gap: 50px;"">
                            <img src=""images/causal_sequence/package_causal/package_causal_6.png"" class=""exp-image"">
                            <img src=""images/causal_sequence/package_causal/package_causal_8.png"" class=""exp-image"">
                        </div>","1","part3_final_choice","","package_causal","","valuable","7","8","1"
"","","","","","survey-text","158","530459","0.0-151.0","479F6E74C375417E820E549AACD7C22A","019ce87e-c897-7e27-ba65-8e7445581f6c","019ce875-66c2-7f0b-b5e8-086c75889f84","","18938","","{""gender"":""male"",""age"":""27"",""decision_strategy"":""Memory"",""consistency_check"":""Same logic""}","demographics_and_strategy","","","","","","",""
"","","","","","instructions","159","533876","0.0-152.0","479F6E74C375417E820E549AACD7C22A","019ce87e-c897-7e27-ba65-8e7445581f6c","019ce875-66c2-7f0b-b5e8-086c75889f84","[{""page_index"":0,""viewing_time"":3416}]","3416","","","","","","","","","",""
