"success","timeout","failed_images","failed_audio","failed_video","trial_type","trial_index","time_elapsed","internal_node_id","subject_id","study_id","session_id","view_history","rt","stimulus","response","task","image_index","folder","sequence_type","valuable_image_index","reward_type","chosen_image_index","correct_choice"
"true","false","[]","[]","[]","preload","0","3982","0.0-0.0","A2B974D4AD9C41959FF7090C03B7EA2D","019cee52-0a77-78ea-9b50-83dab6869400","019cee47-f225-7d34-90ea-6a2b73898f7d","","","","","","","","","","","",""
"","","","","","instructions","1","10470","0.0-1.0","A2B974D4AD9C41959FF7090C03B7EA2D","019cee52-0a77-78ea-9b50-83dab6869400","019cee47-f225-7d34-90ea-6a2b73898f7d","[{""page_index"":0,""viewing_time"":6487}]","6488","","","","","","","","","",""
"","","","","","instructions","2","12553","0.0-2.0","A2B974D4AD9C41959FF7090C03B7EA2D","019cee52-0a77-78ea-9b50-83dab6869400","019cee47-f225-7d34-90ea-6a2b73898f7d","[{""page_index"":0,""viewing_time"":2082}]","2082","","","","","","","","","",""
"true","","","","","fullscreen","3","14946","0.0-3.0","A2B974D4AD9C41959FF7090C03B7EA2D","019cee52-0a77-78ea-9b50-83dab6869400","019cee47-f225-7d34-90ea-6a2b73898f7d","","1387","","","","","","","","","",""
"","","","","","instructions","4","25646","0.0-4.0","A2B974D4AD9C41959FF7090C03B7EA2D","019cee52-0a77-78ea-9b50-83dab6869400","019cee47-f225-7d34-90ea-6a2b73898f7d","[{""page_index"":0,""viewing_time"":10699}]","10699","","","","","","","","","",""
"","","","","","instructions","5","30310","0.0-5.0","A2B974D4AD9C41959FF7090C03B7EA2D","019cee52-0a77-78ea-9b50-83dab6869400","019cee47-f225-7d34-90ea-6a2b73898f7d","[{""page_index"":0,""viewing_time"":4663}]","4663","","","","","","","","","",""
"","","","","","html-keyboard-response","6","34313","0.0-6.0","A2B974D4AD9C41959FF7090C03B7EA2D","019cee52-0a77-78ea-9b50-83dab6869400","019cee47-f225-7d34-90ea-6a2b73898f7d","","null","
                <div class=""stimulus-container"">
                    <img src=""images/instructions/movie_1.png"" class=""exp-image"">
                    <div class=""question-area""></div> 
                </div>","null","","","","","","","",""
"","","","","","html-button-response","7","35624","0.0-7.0","A2B974D4AD9C41959FF7090C03B7EA2D","019cee52-0a77-78ea-9b50-83dab6869400","019cee47-f225-7d34-90ea-6a2b73898f7d","","1308","
                <div class=""stimulus-container"">
                    <img src=""images/instructions/movie_1.png"" class=""exp-image"">
                    <div class=""question-area"">
                        <p style=""font-size: 20px; font-weight: bold; margin: 0;"">Was there a person in this image?</p>
                    </div>
                </div>","0","example_question","1","","","","","",""
"","","","","","html-keyboard-response","8","39626","0.0-8.0","A2B974D4AD9C41959FF7090C03B7EA2D","019cee52-0a77-78ea-9b50-83dab6869400","019cee47-f225-7d34-90ea-6a2b73898f7d","","null","
                <div class=""stimulus-container"">
                    <img src=""images/instructions/movie_2.png"" class=""exp-image"">
                    <div class=""question-area""></div> 
                </div>","null","","","","","","","",""
"","","","","","html-button-response","9","40366","0.0-9.0","A2B974D4AD9C41959FF7090C03B7EA2D","019cee52-0a77-78ea-9b50-83dab6869400","019cee47-f225-7d34-90ea-6a2b73898f7d","","739","
                <div class=""stimulus-container"">
                    <img src=""images/instructions/movie_2.png"" class=""exp-image"">
                    <div class=""question-area"">
                        <p style=""font-size: 20px; font-weight: bold; margin: 0;"">Was there a person in this image?</p>
                    </div>
                </div>","0","example_question","2","","","","","",""
"","","","","","html-keyboard-response","10","44368","0.0-10.0","A2B974D4AD9C41959FF7090C03B7EA2D","019cee52-0a77-78ea-9b50-83dab6869400","019cee47-f225-7d34-90ea-6a2b73898f7d","","null","
                <div class=""stimulus-container"">
                    <img src=""images/instructions/movie_3.png"" class=""exp-image"">
                    <div class=""question-area""></div> 
                </div>","null","","","","","","","",""
"","","","","","html-button-response","11","45456","0.0-11.0","A2B974D4AD9C41959FF7090C03B7EA2D","019cee52-0a77-78ea-9b50-83dab6869400","019cee47-f225-7d34-90ea-6a2b73898f7d","","1087","
                <div class=""stimulus-container"">
                    <img src=""images/instructions/movie_3.png"" class=""exp-image"">
                    <div class=""question-area"">
                        <p style=""font-size: 20px; font-weight: bold; margin: 0;"">Was there a person in this image?</p>
                    </div>
                </div>","0","example_question","3","","","","","",""
"","","","","","html-keyboard-response","12","49459","0.0-12.0","A2B974D4AD9C41959FF7090C03B7EA2D","019cee52-0a77-78ea-9b50-83dab6869400","019cee47-f225-7d34-90ea-6a2b73898f7d","","null","
                <div class=""stimulus-container"">
                    <img src=""images/instructions/movie_4.png"" class=""exp-image"">
                    <div class=""question-area""></div> 
                </div>","null","","","","","","","",""
"","","","","","html-button-response","13","50246","0.0-13.0","A2B974D4AD9C41959FF7090C03B7EA2D","019cee52-0a77-78ea-9b50-83dab6869400","019cee47-f225-7d34-90ea-6a2b73898f7d","","786","
                <div class=""stimulus-container"">
                    <img src=""images/instructions/movie_4.png"" class=""exp-image"">
                    <div class=""question-area"">
                        <p style=""font-size: 20px; font-weight: bold; margin: 0;"">Was there a person in this image?</p>
                    </div>
                </div>","0","example_question","4","","","","","",""
"","","","","","instructions","14","51508","0.0-14.0","A2B974D4AD9C41959FF7090C03B7EA2D","019cee52-0a77-78ea-9b50-83dab6869400","019cee47-f225-7d34-90ea-6a2b73898f7d","[{""page_index"":0,""viewing_time"":1262}]","1262","","","","","","","","","",""
"","","","","","instructions","15","55470","0.0-15.0","A2B974D4AD9C41959FF7090C03B7EA2D","019cee52-0a77-78ea-9b50-83dab6869400","019cee47-f225-7d34-90ea-6a2b73898f7d","[{""page_index"":0,""viewing_time"":3960}]","3961","","","","","","","","","",""
"","","","","","html-keyboard-response","16","56472","0.0-16.0","A2B974D4AD9C41959FF7090C03B7EA2D","019cee52-0a77-78ea-9b50-83dab6869400","019cee47-f225-7d34-90ea-6a2b73898f7d","","null","<div style=""background-color: white; width: 100vw; height: 100vh;""></div>","null","","","","","","","",""
"","","","","","html-keyboard-response","17","61474","0.0-17.0","A2B974D4AD9C41959FF7090C03B7EA2D","019cee52-0a77-78ea-9b50-83dab6869400","019cee47-f225-7d34-90ea-6a2b73898f7d","","null","
                <div class=""stimulus-container"">
                    <img src=""images/causal_sequence/museum_causal/museum_causal_1.png"" class=""exp-image"">
                    <div class=""question-area""></div> 
                </div>","null","","","","","","","",""
"","","","","","html-button-response","18","62559","0.0-18.0","A2B974D4AD9C41959FF7090C03B7EA2D","019cee52-0a77-78ea-9b50-83dab6869400","019cee47-f225-7d34-90ea-6a2b73898f7d","","1084","
                <div class=""stimulus-container"">
                    <img src=""images/causal_sequence/museum_causal/museum_causal_1.png"" class=""exp-image"">
                    <div class=""question-area"">
                        <p style=""font-size: 20px; font-weight: bold; margin: 0;"">Is there a person in this image?</p>
                    </div>
                </div>","0","main_experiment_trial","1","museum_causal","causal_sequence","","","",""
"","","","","","html-keyboard-response","19","67562","0.0-19.0","A2B974D4AD9C41959FF7090C03B7EA2D","019cee52-0a77-78ea-9b50-83dab6869400","019cee47-f225-7d34-90ea-6a2b73898f7d","","null","
                <div class=""stimulus-container"">
                    <img src=""images/causal_sequence/museum_causal/museum_causal_2.png"" class=""exp-image"">
                    <div class=""question-area""></div> 
                </div>","null","","","","","","","",""
"","","","","","html-button-response","20","68374","0.0-20.0","A2B974D4AD9C41959FF7090C03B7EA2D","019cee52-0a77-78ea-9b50-83dab6869400","019cee47-f225-7d34-90ea-6a2b73898f7d","","811","
                <div class=""stimulus-container"">
                    <img src=""images/causal_sequence/museum_causal/museum_causal_2.png"" class=""exp-image"">
                    <div class=""question-area"">
                        <p style=""font-size: 20px; font-weight: bold; margin: 0;"">Is there a person in this image?</p>
                    </div>
                </div>","0","main_experiment_trial","2","museum_causal","causal_sequence","","","",""
"","","","","","html-keyboard-response","21","73377","0.0-21.0","A2B974D4AD9C41959FF7090C03B7EA2D","019cee52-0a77-78ea-9b50-83dab6869400","019cee47-f225-7d34-90ea-6a2b73898f7d","","null","
                <div class=""stimulus-container"">
                    <img src=""images/causal_sequence/museum_causal/museum_causal_3.png"" class=""exp-image"">
                    <div class=""question-area""></div> 
                </div>","null","","","","","","","",""
"","","","","","html-button-response","22","74085","0.0-22.0","A2B974D4AD9C41959FF7090C03B7EA2D","019cee52-0a77-78ea-9b50-83dab6869400","019cee47-f225-7d34-90ea-6a2b73898f7d","","706","
                <div class=""stimulus-container"">
                    <img src=""images/causal_sequence/museum_causal/museum_causal_3.png"" class=""exp-image"">
                    <div class=""question-area"">
                        <p style=""font-size: 20px; font-weight: bold; margin: 0;"">Is there a person in this image?</p>
                    </div>
                </div>","0","main_experiment_trial","3","museum_causal","causal_sequence","","","",""
"","","","","","html-keyboard-response","23","79088","0.0-23.0","A2B974D4AD9C41959FF7090C03B7EA2D","019cee52-0a77-78ea-9b50-83dab6869400","019cee47-f225-7d34-90ea-6a2b73898f7d","","null","
                <div class=""stimulus-container"">
                    <img src=""images/causal_sequence/museum_causal/museum_causal_4.png"" class=""exp-image"">
                    <div class=""question-area""></div> 
                </div>","null","","","","","","","",""
"","","","","","html-button-response","24","79729","0.0-24.0","A2B974D4AD9C41959FF7090C03B7EA2D","019cee52-0a77-78ea-9b50-83dab6869400","019cee47-f225-7d34-90ea-6a2b73898f7d","","640","
                <div class=""stimulus-container"">
                    <img src=""images/causal_sequence/museum_causal/museum_causal_4.png"" class=""exp-image"">
                    <div class=""question-area"">
                        <p style=""font-size: 20px; font-weight: bold; margin: 0;"">Is there a person in this image?</p>
                    </div>
                </div>","1","main_experiment_trial","4","museum_causal","causal_sequence","","","",""
"","","","","","html-keyboard-response","25","84731","0.0-25.0","A2B974D4AD9C41959FF7090C03B7EA2D","019cee52-0a77-78ea-9b50-83dab6869400","019cee47-f225-7d34-90ea-6a2b73898f7d","","null","
                <div class=""stimulus-container"">
                    <img src=""images/causal_sequence/museum_causal/museum_causal_5.png"" class=""exp-image"">
                    <div class=""question-area""></div> 
                </div>","null","","","","","","","",""
"","","","","","html-button-response","26","85396","0.0-26.0","A2B974D4AD9C41959FF7090C03B7EA2D","019cee52-0a77-78ea-9b50-83dab6869400","019cee47-f225-7d34-90ea-6a2b73898f7d","","664","
                <div class=""stimulus-container"">
                    <img src=""images/causal_sequence/museum_causal/museum_causal_5.png"" class=""exp-image"">
                    <div class=""question-area"">
                        <p style=""font-size: 20px; font-weight: bold; margin: 0;"">Is there a person in this image?</p>
                    </div>
                </div>","0","main_experiment_trial","5","museum_causal","causal_sequence","","","",""
"","","","","","html-keyboard-response","27","90398","0.0-27.0","A2B974D4AD9C41959FF7090C03B7EA2D","019cee52-0a77-78ea-9b50-83dab6869400","019cee47-f225-7d34-90ea-6a2b73898f7d","","null","
                <div class=""stimulus-container"">
                    <img src=""images/causal_sequence/museum_causal/museum_causal_6.png"" class=""exp-image"">
                    <div class=""question-area""></div> 
                </div>","null","","","","","","","",""
"","","","","","html-button-response","28","91476","0.0-28.0","A2B974D4AD9C41959FF7090C03B7EA2D","019cee52-0a77-78ea-9b50-83dab6869400","019cee47-f225-7d34-90ea-6a2b73898f7d","","1077","
                <div class=""stimulus-container"">
                    <img src=""images/causal_sequence/museum_causal/museum_causal_6.png"" class=""exp-image"">
                    <div class=""question-area"">
                        <p style=""font-size: 20px; font-weight: bold; margin: 0;"">Is there a person in this image?</p>
                    </div>
                </div>","0","main_experiment_trial","6","museum_causal","causal_sequence","","","",""
"","","","","","html-keyboard-response","29","96479","0.0-29.0","A2B974D4AD9C41959FF7090C03B7EA2D","019cee52-0a77-78ea-9b50-83dab6869400","019cee47-f225-7d34-90ea-6a2b73898f7d","","null","
                <div class=""stimulus-container"">
                    <img src=""images/causal_sequence/museum_causal/museum_causal_7.png"" class=""exp-image"">
                    <div class=""question-area""></div> 
                </div>","null","","","","","","","",""
"","","","","","html-button-response","30","97140","0.0-30.0","A2B974D4AD9C41959FF7090C03B7EA2D","019cee52-0a77-78ea-9b50-83dab6869400","019cee47-f225-7d34-90ea-6a2b73898f7d","","660","
                <div class=""stimulus-container"">
                    <img src=""images/causal_sequence/museum_causal/museum_causal_7.png"" class=""exp-image"">
                    <div class=""question-area"">
                        <p style=""font-size: 20px; font-weight: bold; margin: 0;"">Is there a person in this image?</p>
                    </div>
                </div>","1","main_experiment_trial","7","museum_causal","causal_sequence","","","",""
"","","","","","html-keyboard-response","31","102143","0.0-31.0","A2B974D4AD9C41959FF7090C03B7EA2D","019cee52-0a77-78ea-9b50-83dab6869400","019cee47-f225-7d34-90ea-6a2b73898f7d","","null","
                <div class=""stimulus-container"">
                    <img src=""images/causal_sequence/museum_causal/museum_causal_8.png"" class=""exp-image"">
                    <div class=""question-area""></div> 
                </div>","null","","","","","","","",""
"","","","","","html-button-response","32","102800","0.0-32.0","A2B974D4AD9C41959FF7090C03B7EA2D","019cee52-0a77-78ea-9b50-83dab6869400","019cee47-f225-7d34-90ea-6a2b73898f7d","","656","
                <div class=""stimulus-container"">
                    <img src=""images/causal_sequence/museum_causal/museum_causal_8.png"" class=""exp-image"">
                    <div class=""question-area"">
                        <p style=""font-size: 20px; font-weight: bold; margin: 0;"">Is there a person in this image?</p>
                    </div>
                </div>","0","main_experiment_trial","8","museum_causal","causal_sequence","","","",""
"","","","","","html-keyboard-response","33","107802","0.0-33.0","A2B974D4AD9C41959FF7090C03B7EA2D","019cee52-0a77-78ea-9b50-83dab6869400","019cee47-f225-7d34-90ea-6a2b73898f7d","","null","
                <div class=""stimulus-container"">
                    <img src=""images/causal_sequence/museum_causal/museum_causal_9.png"" class=""exp-image"">
                    <div class=""question-area""></div> 
                </div>","null","","","","","","","",""
"","","","","","html-button-response","34","108698","0.0-34.0","A2B974D4AD9C41959FF7090C03B7EA2D","019cee52-0a77-78ea-9b50-83dab6869400","019cee47-f225-7d34-90ea-6a2b73898f7d","","895","
                <div class=""stimulus-container"">
                    <img src=""images/causal_sequence/museum_causal/museum_causal_9.png"" class=""exp-image"">
                    <div class=""question-area"">
                        <p style=""font-size: 20px; font-weight: bold; margin: 0;"">Is there a person in this image?</p>
                    </div>
                </div>","1","main_experiment_trial","9","museum_causal","causal_sequence","","","",""
"","","","","","html-keyboard-response","35","113700","0.0-35.0","A2B974D4AD9C41959FF7090C03B7EA2D","019cee52-0a77-78ea-9b50-83dab6869400","019cee47-f225-7d34-90ea-6a2b73898f7d","","null","
                <div class=""stimulus-container"">
                    <img src=""images/causal_sequence/museum_causal/museum_causal_ten.png"" class=""exp-image"">
                    <div class=""question-area""></div> 
                </div>","null","","","","","","","",""
"","","","","","html-button-response","36","114359","0.0-36.0","A2B974D4AD9C41959FF7090C03B7EA2D","019cee52-0a77-78ea-9b50-83dab6869400","019cee47-f225-7d34-90ea-6a2b73898f7d","","657","
                <div class=""stimulus-container"">
                    <img src=""images/causal_sequence/museum_causal/museum_causal_ten.png"" class=""exp-image"">
                    <div class=""question-area"">
                        <p style=""font-size: 20px; font-weight: bold; margin: 0;"">Is there a person in this image?</p>
                    </div>
                </div>","0","main_experiment_trial","ten","museum_causal","causal_sequence","","","",""
"","","","","","html-keyboard-response","37","115360","0.0-37.0","A2B974D4AD9C41959FF7090C03B7EA2D","019cee52-0a77-78ea-9b50-83dab6869400","019cee47-f225-7d34-90ea-6a2b73898f7d","","null","<div style=""background-color: white; width: 100vw; height: 100vh;""></div>","null","","","","","","","",""
"","","","","","html-keyboard-response","38","120362","0.0-38.0","A2B974D4AD9C41959FF7090C03B7EA2D","019cee52-0a77-78ea-9b50-83dab6869400","019cee47-f225-7d34-90ea-6a2b73898f7d","","null","
                <div class=""stimulus-container"">
                    <img src=""images/schematic_sequence/restaurant_scheme/restaurant_scheme_1.png"" class=""exp-image"">
                    <div class=""question-area""></div> 
                </div>","null","","","","","","","",""
"","","","","","html-button-response","39","120914","0.0-39.0","A2B974D4AD9C41959FF7090C03B7EA2D","019cee52-0a77-78ea-9b50-83dab6869400","019cee47-f225-7d34-90ea-6a2b73898f7d","","551","
                <div class=""stimulus-container"">
                    <img src=""images/schematic_sequence/restaurant_scheme/restaurant_scheme_1.png"" class=""exp-image"">
                    <div class=""question-area"">
                        <p style=""font-size: 20px; font-weight: bold; margin: 0;"">Is there a person in this image?</p>
                    </div>
                </div>","0","main_experiment_trial","1","restaurant_scheme","schematic_sequence","","","",""
"","","","","","html-keyboard-response","40","125916","0.0-40.0","A2B974D4AD9C41959FF7090C03B7EA2D","019cee52-0a77-78ea-9b50-83dab6869400","019cee47-f225-7d34-90ea-6a2b73898f7d","","null","
                <div class=""stimulus-container"">
                    <img src=""images/schematic_sequence/restaurant_scheme/restaurant_scheme_2.png"" class=""exp-image"">
                    <div class=""question-area""></div> 
                </div>","null","","","","","","","",""
"","","","","","html-button-response","41","126519","0.0-41.0","A2B974D4AD9C41959FF7090C03B7EA2D","019cee52-0a77-78ea-9b50-83dab6869400","019cee47-f225-7d34-90ea-6a2b73898f7d","","602","
                <div class=""stimulus-container"">
                    <img src=""images/schematic_sequence/restaurant_scheme/restaurant_scheme_2.png"" class=""exp-image"">
                    <div class=""question-area"">
                        <p style=""font-size: 20px; font-weight: bold; margin: 0;"">Is there a person in this image?</p>
                    </div>
                </div>","1","main_experiment_trial","2","restaurant_scheme","schematic_sequence","","","",""
"","","","","","html-keyboard-response","42","131522","0.0-42.0","A2B974D4AD9C41959FF7090C03B7EA2D","019cee52-0a77-78ea-9b50-83dab6869400","019cee47-f225-7d34-90ea-6a2b73898f7d","","null","
                <div class=""stimulus-container"">
                    <img src=""images/schematic_sequence/restaurant_scheme/restaurant_scheme_3.png"" class=""exp-image"">
                    <div class=""question-area""></div> 
                </div>","null","","","","","","","",""
"","","","","","html-button-response","43","132148","0.0-43.0","A2B974D4AD9C41959FF7090C03B7EA2D","019cee52-0a77-78ea-9b50-83dab6869400","019cee47-f225-7d34-90ea-6a2b73898f7d","","625","
                <div class=""stimulus-container"">
                    <img src=""images/schematic_sequence/restaurant_scheme/restaurant_scheme_3.png"" class=""exp-image"">
                    <div class=""question-area"">
                        <p style=""font-size: 20px; font-weight: bold; margin: 0;"">Is there a person in this image?</p>
                    </div>
                </div>","1","main_experiment_trial","3","restaurant_scheme","schematic_sequence","","","",""
"","","","","","html-keyboard-response","44","137150","0.0-44.0","A2B974D4AD9C41959FF7090C03B7EA2D","019cee52-0a77-78ea-9b50-83dab6869400","019cee47-f225-7d34-90ea-6a2b73898f7d","","null","
                <div class=""stimulus-container"">
                    <img src=""images/schematic_sequence/restaurant_scheme/restaurant_scheme_4.png"" class=""exp-image"">
                    <div class=""question-area""></div> 
                </div>","null","","","","","","","",""
"","","","","","html-button-response","45","137677","0.0-45.0","A2B974D4AD9C41959FF7090C03B7EA2D","019cee52-0a77-78ea-9b50-83dab6869400","019cee47-f225-7d34-90ea-6a2b73898f7d","","526","
                <div class=""stimulus-container"">
                    <img src=""images/schematic_sequence/restaurant_scheme/restaurant_scheme_4.png"" class=""exp-image"">
                    <div class=""question-area"">
                        <p style=""font-size: 20px; font-weight: bold; margin: 0;"">Is there a person in this image?</p>
                    </div>
                </div>","0","main_experiment_trial","4","restaurant_scheme","schematic_sequence","","","",""
"","","","","","html-keyboard-response","46","142680","0.0-46.0","A2B974D4AD9C41959FF7090C03B7EA2D","019cee52-0a77-78ea-9b50-83dab6869400","019cee47-f225-7d34-90ea-6a2b73898f7d","","null","
                <div class=""stimulus-container"">
                    <img src=""images/schematic_sequence/restaurant_scheme/restaurant_scheme_5.png"" class=""exp-image"">
                    <div class=""question-area""></div> 
                </div>","null","","","","","","","",""
"","","","","","html-button-response","47","143591","0.0-47.0","A2B974D4AD9C41959FF7090C03B7EA2D","019cee52-0a77-78ea-9b50-83dab6869400","019cee47-f225-7d34-90ea-6a2b73898f7d","","911","
                <div class=""stimulus-container"">
                    <img src=""images/schematic_sequence/restaurant_scheme/restaurant_scheme_5.png"" class=""exp-image"">
                    <div class=""question-area"">
                        <p style=""font-size: 20px; font-weight: bold; margin: 0;"">Is there a person in this image?</p>
                    </div>
                </div>","0","main_experiment_trial","5","restaurant_scheme","schematic_sequence","","","",""
"","","","","","html-keyboard-response","48","148594","0.0-48.0","A2B974D4AD9C41959FF7090C03B7EA2D","019cee52-0a77-78ea-9b50-83dab6869400","019cee47-f225-7d34-90ea-6a2b73898f7d","","null","
                <div class=""stimulus-container"">
                    <img src=""images/schematic_sequence/restaurant_scheme/restaurant_scheme_6.png"" class=""exp-image"">
                    <div class=""question-area""></div> 
                </div>","null","","","","","","","",""
"","","","","","html-button-response","49","149096","0.0-49.0","A2B974D4AD9C41959FF7090C03B7EA2D","019cee52-0a77-78ea-9b50-83dab6869400","019cee47-f225-7d34-90ea-6a2b73898f7d","","501","
                <div class=""stimulus-container"">
                    <img src=""images/schematic_sequence/restaurant_scheme/restaurant_scheme_6.png"" class=""exp-image"">
                    <div class=""question-area"">
                        <p style=""font-size: 20px; font-weight: bold; margin: 0;"">Is there a person in this image?</p>
                    </div>
                </div>","1","main_experiment_trial","6","restaurant_scheme","schematic_sequence","","","",""
"","","","","","html-keyboard-response","50","154098","0.0-50.0","A2B974D4AD9C41959FF7090C03B7EA2D","019cee52-0a77-78ea-9b50-83dab6869400","019cee47-f225-7d34-90ea-6a2b73898f7d","","null","
                <div class=""stimulus-container"">
                    <img src=""images/schematic_sequence/restaurant_scheme/restaurant_scheme_7.png"" class=""exp-image"">
                    <div class=""question-area""></div> 
                </div>","null","","","","","","","",""
"","","","","","html-button-response","51","154925","0.0-51.0","A2B974D4AD9C41959FF7090C03B7EA2D","019cee52-0a77-78ea-9b50-83dab6869400","019cee47-f225-7d34-90ea-6a2b73898f7d","","826","
                <div class=""stimulus-container"">
                    <img src=""images/schematic_sequence/restaurant_scheme/restaurant_scheme_7.png"" class=""exp-image"">
                    <div class=""question-area"">
                        <p style=""font-size: 20px; font-weight: bold; margin: 0;"">Is there a person in this image?</p>
                    </div>
                </div>","1","main_experiment_trial","7","restaurant_scheme","schematic_sequence","","","",""
"","","","","","html-keyboard-response","52","159927","0.0-52.0","A2B974D4AD9C41959FF7090C03B7EA2D","019cee52-0a77-78ea-9b50-83dab6869400","019cee47-f225-7d34-90ea-6a2b73898f7d","","null","
                <div class=""stimulus-container"">
                    <img src=""images/schematic_sequence/restaurant_scheme/restaurant_scheme_8.png"" class=""exp-image"">
                    <div class=""question-area""></div> 
                </div>","null","","","","","","","",""
"","","","","","html-button-response","53","160898","0.0-53.0","A2B974D4AD9C41959FF7090C03B7EA2D","019cee52-0a77-78ea-9b50-83dab6869400","019cee47-f225-7d34-90ea-6a2b73898f7d","","970","
                <div class=""stimulus-container"">
                    <img src=""images/schematic_sequence/restaurant_scheme/restaurant_scheme_8.png"" class=""exp-image"">
                    <div class=""question-area"">
                        <p style=""font-size: 20px; font-weight: bold; margin: 0;"">Is there a person in this image?</p>
                    </div>
                </div>","0","main_experiment_trial","8","restaurant_scheme","schematic_sequence","","","",""
"","","","","","html-keyboard-response","54","165900","0.0-54.0","A2B974D4AD9C41959FF7090C03B7EA2D","019cee52-0a77-78ea-9b50-83dab6869400","019cee47-f225-7d34-90ea-6a2b73898f7d","","null","
                <div class=""stimulus-container"">
                    <img src=""images/schematic_sequence/restaurant_scheme/restaurant_scheme_9.png"" class=""exp-image"">
                    <div class=""question-area""></div> 
                </div>","null","","","","","","","",""
"","","","","","html-button-response","55","166574","0.0-55.0","A2B974D4AD9C41959FF7090C03B7EA2D","019cee52-0a77-78ea-9b50-83dab6869400","019cee47-f225-7d34-90ea-6a2b73898f7d","","672","
                <div class=""stimulus-container"">
                    <img src=""images/schematic_sequence/restaurant_scheme/restaurant_scheme_9.png"" class=""exp-image"">
                    <div class=""question-area"">
                        <p style=""font-size: 20px; font-weight: bold; margin: 0;"">Is there a person in this image?</p>
                    </div>
                </div>","0","main_experiment_trial","9","restaurant_scheme","schematic_sequence","","","",""
"","","","","","html-keyboard-response","56","171576","0.0-56.0","A2B974D4AD9C41959FF7090C03B7EA2D","019cee52-0a77-78ea-9b50-83dab6869400","019cee47-f225-7d34-90ea-6a2b73898f7d","","null","
                <div class=""stimulus-container"">
                    <img src=""images/schematic_sequence/restaurant_scheme/restaurant_scheme_ten.png"" class=""exp-image"">
                    <div class=""question-area""></div> 
                </div>","null","","","","","","","",""
"","","","","","html-button-response","57","172054","0.0-57.0","A2B974D4AD9C41959FF7090C03B7EA2D","019cee52-0a77-78ea-9b50-83dab6869400","019cee47-f225-7d34-90ea-6a2b73898f7d","","476","
                <div class=""stimulus-container"">
                    <img src=""images/schematic_sequence/restaurant_scheme/restaurant_scheme_ten.png"" class=""exp-image"">
                    <div class=""question-area"">
                        <p style=""font-size: 20px; font-weight: bold; margin: 0;"">Is there a person in this image?</p>
                    </div>
                </div>","0","main_experiment_trial","ten","restaurant_scheme","schematic_sequence","","","",""
"","","","","","html-keyboard-response","58","173055","0.0-58.0","A2B974D4AD9C41959FF7090C03B7EA2D","019cee52-0a77-78ea-9b50-83dab6869400","019cee47-f225-7d34-90ea-6a2b73898f7d","","null","<div style=""background-color: white; width: 100vw; height: 100vh;""></div>","null","","","","","","","",""
"","","","","","html-keyboard-response","59","178058","0.0-59.0","A2B974D4AD9C41959FF7090C03B7EA2D","019cee52-0a77-78ea-9b50-83dab6869400","019cee47-f225-7d34-90ea-6a2b73898f7d","","null","
                <div class=""stimulus-container"">
                    <img src=""images/schematic_sequence/dinner_party_scheme/dinner_party_scheme_1.png"" class=""exp-image"">
                    <div class=""question-area""></div> 
                </div>","null","","","","","","","",""
"","","","","","html-button-response","60","178629","0.0-60.0","A2B974D4AD9C41959FF7090C03B7EA2D","019cee52-0a77-78ea-9b50-83dab6869400","019cee47-f225-7d34-90ea-6a2b73898f7d","","570","
                <div class=""stimulus-container"">
                    <img src=""images/schematic_sequence/dinner_party_scheme/dinner_party_scheme_1.png"" class=""exp-image"">
                    <div class=""question-area"">
                        <p style=""font-size: 20px; font-weight: bold; margin: 0;"">Is there a person in this image?</p>
                    </div>
                </div>","0","main_experiment_trial","1","dinner_party_scheme","schematic_sequence","","","",""
"","","","","","html-keyboard-response","61","183632","0.0-61.0","A2B974D4AD9C41959FF7090C03B7EA2D","019cee52-0a77-78ea-9b50-83dab6869400","019cee47-f225-7d34-90ea-6a2b73898f7d","","null","
                <div class=""stimulus-container"">
                    <img src=""images/schematic_sequence/dinner_party_scheme/dinner_party_scheme_2.png"" class=""exp-image"">
                    <div class=""question-area""></div> 
                </div>","null","","","","","","","",""
"","","","","","html-button-response","62","184288","0.0-62.0","A2B974D4AD9C41959FF7090C03B7EA2D","019cee52-0a77-78ea-9b50-83dab6869400","019cee47-f225-7d34-90ea-6a2b73898f7d","","656","
                <div class=""stimulus-container"">
                    <img src=""images/schematic_sequence/dinner_party_scheme/dinner_party_scheme_2.png"" class=""exp-image"">
                    <div class=""question-area"">
                        <p style=""font-size: 20px; font-weight: bold; margin: 0;"">Is there a person in this image?</p>
                    </div>
                </div>","0","main_experiment_trial","2","dinner_party_scheme","schematic_sequence","","","",""
"","","","","","html-keyboard-response","63","189291","0.0-63.0","A2B974D4AD9C41959FF7090C03B7EA2D","019cee52-0a77-78ea-9b50-83dab6869400","019cee47-f225-7d34-90ea-6a2b73898f7d","","null","
                <div class=""stimulus-container"">
                    <img src=""images/schematic_sequence/dinner_party_scheme/dinner_party_scheme_3.png"" class=""exp-image"">
                    <div class=""question-area""></div> 
                </div>","null","","","","","","","",""
"","","","","","html-button-response","64","190185","0.0-64.0","A2B974D4AD9C41959FF7090C03B7EA2D","019cee52-0a77-78ea-9b50-83dab6869400","019cee47-f225-7d34-90ea-6a2b73898f7d","","893","
                <div class=""stimulus-container"">
                    <img src=""images/schematic_sequence/dinner_party_scheme/dinner_party_scheme_3.png"" class=""exp-image"">
                    <div class=""question-area"">
                        <p style=""font-size: 20px; font-weight: bold; margin: 0;"">Is there a person in this image?</p>
                    </div>
                </div>","0","main_experiment_trial","3","dinner_party_scheme","schematic_sequence","","","",""
"","","","","","html-keyboard-response","65","195189","0.0-65.0","A2B974D4AD9C41959FF7090C03B7EA2D","019cee52-0a77-78ea-9b50-83dab6869400","019cee47-f225-7d34-90ea-6a2b73898f7d","","null","
                <div class=""stimulus-container"">
                    <img src=""images/schematic_sequence/dinner_party_scheme/dinner_party_scheme_4.png"" class=""exp-image"">
                    <div class=""question-area""></div> 
                </div>","null","","","","","","","",""
"","","","","","html-button-response","66","195736","0.0-66.0","A2B974D4AD9C41959FF7090C03B7EA2D","019cee52-0a77-78ea-9b50-83dab6869400","019cee47-f225-7d34-90ea-6a2b73898f7d","","547","
                <div class=""stimulus-container"">
                    <img src=""images/schematic_sequence/dinner_party_scheme/dinner_party_scheme_4.png"" class=""exp-image"">
                    <div class=""question-area"">
                        <p style=""font-size: 20px; font-weight: bold; margin: 0;"">Is there a person in this image?</p>
                    </div>
                </div>","0","main_experiment_trial","4","dinner_party_scheme","schematic_sequence","","","",""
"","","","","","html-keyboard-response","67","200738","0.0-67.0","A2B974D4AD9C41959FF7090C03B7EA2D","019cee52-0a77-78ea-9b50-83dab6869400","019cee47-f225-7d34-90ea-6a2b73898f7d","","null","
                <div class=""stimulus-container"">
                    <img src=""images/schematic_sequence/dinner_party_scheme/dinner_party_scheme_5.png"" class=""exp-image"">
                    <div class=""question-area""></div> 
                </div>","null","","","","","","","",""
"","","","","","html-button-response","68","201293","0.0-68.0","A2B974D4AD9C41959FF7090C03B7EA2D","019cee52-0a77-78ea-9b50-83dab6869400","019cee47-f225-7d34-90ea-6a2b73898f7d","","554","
                <div class=""stimulus-container"">
                    <img src=""images/schematic_sequence/dinner_party_scheme/dinner_party_scheme_5.png"" class=""exp-image"">
                    <div class=""question-area"">
                        <p style=""font-size: 20px; font-weight: bold; margin: 0;"">Is there a person in this image?</p>
                    </div>
                </div>","0","main_experiment_trial","5","dinner_party_scheme","schematic_sequence","","","",""
"","","","","","html-keyboard-response","69","206296","0.0-69.0","A2B974D4AD9C41959FF7090C03B7EA2D","019cee52-0a77-78ea-9b50-83dab6869400","019cee47-f225-7d34-90ea-6a2b73898f7d","","null","
                <div class=""stimulus-container"">
                    <img src=""images/schematic_sequence/dinner_party_scheme/dinner_party_scheme_6.png"" class=""exp-image"">
                    <div class=""question-area""></div> 
                </div>","null","","","","","","","",""
"","","","","","html-button-response","70","206788","0.0-70.0","A2B974D4AD9C41959FF7090C03B7EA2D","019cee52-0a77-78ea-9b50-83dab6869400","019cee47-f225-7d34-90ea-6a2b73898f7d","","491","
                <div class=""stimulus-container"">
                    <img src=""images/schematic_sequence/dinner_party_scheme/dinner_party_scheme_6.png"" class=""exp-image"">
                    <div class=""question-area"">
                        <p style=""font-size: 20px; font-weight: bold; margin: 0;"">Is there a person in this image?</p>
                    </div>
                </div>","0","main_experiment_trial","6","dinner_party_scheme","schematic_sequence","","","",""
"","","","","","html-keyboard-response","71","211790","0.0-71.0","A2B974D4AD9C41959FF7090C03B7EA2D","019cee52-0a77-78ea-9b50-83dab6869400","019cee47-f225-7d34-90ea-6a2b73898f7d","","null","
                <div class=""stimulus-container"">
                    <img src=""images/schematic_sequence/dinner_party_scheme/dinner_party_scheme_7.png"" class=""exp-image"">
                    <div class=""question-area""></div> 
                </div>","null","","","","","","","",""
"","","","","","html-button-response","72","212333","0.0-72.0","A2B974D4AD9C41959FF7090C03B7EA2D","019cee52-0a77-78ea-9b50-83dab6869400","019cee47-f225-7d34-90ea-6a2b73898f7d","","542","
                <div class=""stimulus-container"">
                    <img src=""images/schematic_sequence/dinner_party_scheme/dinner_party_scheme_7.png"" class=""exp-image"">
                    <div class=""question-area"">
                        <p style=""font-size: 20px; font-weight: bold; margin: 0;"">Is there a person in this image?</p>
                    </div>
                </div>","0","main_experiment_trial","7","dinner_party_scheme","schematic_sequence","","","",""
"","","","","","html-keyboard-response","73","217336","0.0-73.0","A2B974D4AD9C41959FF7090C03B7EA2D","019cee52-0a77-78ea-9b50-83dab6869400","019cee47-f225-7d34-90ea-6a2b73898f7d","","null","
                <div class=""stimulus-container"">
                    <img src=""images/schematic_sequence/dinner_party_scheme/dinner_party_scheme_8.png"" class=""exp-image"">
                    <div class=""question-area""></div> 
                </div>","null","","","","","","","",""
"","","","","","html-button-response","74","217918","0.0-74.0","A2B974D4AD9C41959FF7090C03B7EA2D","019cee52-0a77-78ea-9b50-83dab6869400","019cee47-f225-7d34-90ea-6a2b73898f7d","","581","
                <div class=""stimulus-container"">
                    <img src=""images/schematic_sequence/dinner_party_scheme/dinner_party_scheme_8.png"" class=""exp-image"">
                    <div class=""question-area"">
                        <p style=""font-size: 20px; font-weight: bold; margin: 0;"">Is there a person in this image?</p>
                    </div>
                </div>","0","main_experiment_trial","8","dinner_party_scheme","schematic_sequence","","","",""
"","","","","","html-keyboard-response","75","222920","0.0-75.0","A2B974D4AD9C41959FF7090C03B7EA2D","019cee52-0a77-78ea-9b50-83dab6869400","019cee47-f225-7d34-90ea-6a2b73898f7d","","null","
                <div class=""stimulus-container"">
                    <img src=""images/schematic_sequence/dinner_party_scheme/dinner_party_scheme_9.png"" class=""exp-image"">
                    <div class=""question-area""></div> 
                </div>","null","","","","","","","",""
"","","","","","html-button-response","76","223481","0.0-76.0","A2B974D4AD9C41959FF7090C03B7EA2D","019cee52-0a77-78ea-9b50-83dab6869400","019cee47-f225-7d34-90ea-6a2b73898f7d","","560","
                <div class=""stimulus-container"">
                    <img src=""images/schematic_sequence/dinner_party_scheme/dinner_party_scheme_9.png"" class=""exp-image"">
                    <div class=""question-area"">
                        <p style=""font-size: 20px; font-weight: bold; margin: 0;"">Is there a person in this image?</p>
                    </div>
                </div>","0","main_experiment_trial","9","dinner_party_scheme","schematic_sequence","","","",""
"","","","","","html-keyboard-response","77","228484","0.0-77.0","A2B974D4AD9C41959FF7090C03B7EA2D","019cee52-0a77-78ea-9b50-83dab6869400","019cee47-f225-7d34-90ea-6a2b73898f7d","","null","
                <div class=""stimulus-container"">
                    <img src=""images/schematic_sequence/dinner_party_scheme/dinner_party_scheme_ten.png"" class=""exp-image"">
                    <div class=""question-area""></div> 
                </div>","null","","","","","","","",""
"","","","","","html-button-response","78","229118","0.0-78.0","A2B974D4AD9C41959FF7090C03B7EA2D","019cee52-0a77-78ea-9b50-83dab6869400","019cee47-f225-7d34-90ea-6a2b73898f7d","","633","
                <div class=""stimulus-container"">
                    <img src=""images/schematic_sequence/dinner_party_scheme/dinner_party_scheme_ten.png"" class=""exp-image"">
                    <div class=""question-area"">
                        <p style=""font-size: 20px; font-weight: bold; margin: 0;"">Is there a person in this image?</p>
                    </div>
                </div>","0","main_experiment_trial","ten","dinner_party_scheme","schematic_sequence","","","",""
"","","","","","html-keyboard-response","79","230120","0.0-79.0","A2B974D4AD9C41959FF7090C03B7EA2D","019cee52-0a77-78ea-9b50-83dab6869400","019cee47-f225-7d34-90ea-6a2b73898f7d","","null","<div style=""background-color: white; width: 100vw; height: 100vh;""></div>","null","","","","","","","",""
"","","","","","html-keyboard-response","80","235122","0.0-80.0","A2B974D4AD9C41959FF7090C03B7EA2D","019cee52-0a77-78ea-9b50-83dab6869400","019cee47-f225-7d34-90ea-6a2b73898f7d","","null","
                <div class=""stimulus-container"">
                    <img src=""images/causal_sequence/coin_causal/coin_causal_1.png"" class=""exp-image"">
                    <div class=""question-area""></div> 
                </div>","null","","","","","","","",""
"","","","","","html-button-response","81","235753","0.0-81.0","A2B974D4AD9C41959FF7090C03B7EA2D","019cee52-0a77-78ea-9b50-83dab6869400","019cee47-f225-7d34-90ea-6a2b73898f7d","","630","
                <div class=""stimulus-container"">
                    <img src=""images/causal_sequence/coin_causal/coin_causal_1.png"" class=""exp-image"">
                    <div class=""question-area"">
                        <p style=""font-size: 20px; font-weight: bold; margin: 0;"">Is there a person in this image?</p>
                    </div>
                </div>","0","main_experiment_trial","1","coin_causal","causal_sequence","","","",""
"","","","","","html-keyboard-response","82","240755","0.0-82.0","A2B974D4AD9C41959FF7090C03B7EA2D","019cee52-0a77-78ea-9b50-83dab6869400","019cee47-f225-7d34-90ea-6a2b73898f7d","","null","
                <div class=""stimulus-container"">
                    <img src=""images/causal_sequence/coin_causal/coin_causal_2.png"" class=""exp-image"">
                    <div class=""question-area""></div> 
                </div>","null","","","","","","","",""
"","","","","","html-button-response","83","241693","0.0-83.0","A2B974D4AD9C41959FF7090C03B7EA2D","019cee52-0a77-78ea-9b50-83dab6869400","019cee47-f225-7d34-90ea-6a2b73898f7d","","936","
                <div class=""stimulus-container"">
                    <img src=""images/causal_sequence/coin_causal/coin_causal_2.png"" class=""exp-image"">
                    <div class=""question-area"">
                        <p style=""font-size: 20px; font-weight: bold; margin: 0;"">Is there a person in this image?</p>
                    </div>
                </div>","0","main_experiment_trial","2","coin_causal","causal_sequence","","","",""
"","","","","","html-keyboard-response","84","246696","0.0-84.0","A2B974D4AD9C41959FF7090C03B7EA2D","019cee52-0a77-78ea-9b50-83dab6869400","019cee47-f225-7d34-90ea-6a2b73898f7d","","null","
                <div class=""stimulus-container"">
                    <img src=""images/causal_sequence/coin_causal/coin_causal_3.png"" class=""exp-image"">
                    <div class=""question-area""></div> 
                </div>","null","","","","","","","",""
"","","","","","html-button-response","85","247234","0.0-85.0","A2B974D4AD9C41959FF7090C03B7EA2D","019cee52-0a77-78ea-9b50-83dab6869400","019cee47-f225-7d34-90ea-6a2b73898f7d","","537","
                <div class=""stimulus-container"">
                    <img src=""images/causal_sequence/coin_causal/coin_causal_3.png"" class=""exp-image"">
                    <div class=""question-area"">
                        <p style=""font-size: 20px; font-weight: bold; margin: 0;"">Is there a person in this image?</p>
                    </div>
                </div>","0","main_experiment_trial","3","coin_causal","causal_sequence","","","",""
"","","","","","html-keyboard-response","86","252237","0.0-86.0","A2B974D4AD9C41959FF7090C03B7EA2D","019cee52-0a77-78ea-9b50-83dab6869400","019cee47-f225-7d34-90ea-6a2b73898f7d","","null","
                <div class=""stimulus-container"">
                    <img src=""images/causal_sequence/coin_causal/coin_causal_4.png"" class=""exp-image"">
                    <div class=""question-area""></div> 
                </div>","null","","","","","","","",""
"","","","","","html-button-response","87","255240","0.0-87.0","A2B974D4AD9C41959FF7090C03B7EA2D","019cee52-0a77-78ea-9b50-83dab6869400","019cee47-f225-7d34-90ea-6a2b73898f7d","","null","
                <div class=""stimulus-container"">
                    <img src=""images/causal_sequence/coin_causal/coin_causal_4.png"" class=""exp-image"">
                    <div class=""question-area"">
                        <p style=""font-size: 20px; font-weight: bold; margin: 0;"">Is there a person in this image?</p>
                    </div>
                </div>","null","main_experiment_trial","4","coin_causal","causal_sequence","","","",""
"","","","","","html-keyboard-response","88","260242","0.0-88.0","A2B974D4AD9C41959FF7090C03B7EA2D","019cee52-0a77-78ea-9b50-83dab6869400","019cee47-f225-7d34-90ea-6a2b73898f7d","","null","
                <div class=""stimulus-container"">
                    <img src=""images/causal_sequence/coin_causal/coin_causal_5.png"" class=""exp-image"">
                    <div class=""question-area""></div> 
                </div>","null","","","","","","","",""
"","","","","","html-button-response","89","263245","0.0-89.0","A2B974D4AD9C41959FF7090C03B7EA2D","019cee52-0a77-78ea-9b50-83dab6869400","019cee47-f225-7d34-90ea-6a2b73898f7d","","null","
                <div class=""stimulus-container"">
                    <img src=""images/causal_sequence/coin_causal/coin_causal_5.png"" class=""exp-image"">
                    <div class=""question-area"">
                        <p style=""font-size: 20px; font-weight: bold; margin: 0;"">Is there a person in this image?</p>
                    </div>
                </div>","null","main_experiment_trial","5","coin_causal","causal_sequence","","","",""
"","","","","","html-keyboard-response","90","268247","0.0-90.0","A2B974D4AD9C41959FF7090C03B7EA2D","019cee52-0a77-78ea-9b50-83dab6869400","019cee47-f225-7d34-90ea-6a2b73898f7d","","null","
                <div class=""stimulus-container"">
                    <img src=""images/causal_sequence/coin_causal/coin_causal_6.png"" class=""exp-image"">
                    <div class=""question-area""></div> 
                </div>","null","","","","","","","",""
"","","","","","html-button-response","91","269552","0.0-91.0","A2B974D4AD9C41959FF7090C03B7EA2D","019cee52-0a77-78ea-9b50-83dab6869400","019cee47-f225-7d34-90ea-6a2b73898f7d","","1304","
                <div class=""stimulus-container"">
                    <img src=""images/causal_sequence/coin_causal/coin_causal_6.png"" class=""exp-image"">
                    <div class=""question-area"">
                        <p style=""font-size: 20px; font-weight: bold; margin: 0;"">Is there a person in this image?</p>
                    </div>
                </div>","0","main_experiment_trial","6","coin_causal","causal_sequence","","","",""
"","","","","","html-keyboard-response","92","274555","0.0-92.0","A2B974D4AD9C41959FF7090C03B7EA2D","019cee52-0a77-78ea-9b50-83dab6869400","019cee47-f225-7d34-90ea-6a2b73898f7d","","null","
                <div class=""stimulus-container"">
                    <img src=""images/causal_sequence/coin_causal/coin_causal_7.png"" class=""exp-image"">
                    <div class=""question-area""></div> 
                </div>","null","","","","","","","",""
"","","","","","html-button-response","93","275481","0.0-93.0","A2B974D4AD9C41959FF7090C03B7EA2D","019cee52-0a77-78ea-9b50-83dab6869400","019cee47-f225-7d34-90ea-6a2b73898f7d","","925","
                <div class=""stimulus-container"">
                    <img src=""images/causal_sequence/coin_causal/coin_causal_7.png"" class=""exp-image"">
                    <div class=""question-area"">
                        <p style=""font-size: 20px; font-weight: bold; margin: 0;"">Is there a person in this image?</p>
                    </div>
                </div>","1","main_experiment_trial","7","coin_causal","causal_sequence","","","",""
"","","","","","html-keyboard-response","94","280484","0.0-94.0","A2B974D4AD9C41959FF7090C03B7EA2D","019cee52-0a77-78ea-9b50-83dab6869400","019cee47-f225-7d34-90ea-6a2b73898f7d","","null","
                <div class=""stimulus-container"">
                    <img src=""images/causal_sequence/coin_causal/coin_causal_8.png"" class=""exp-image"">
                    <div class=""question-area""></div> 
                </div>","null","","","","","","","",""
"","","","","","html-button-response","95","281041","0.0-95.0","A2B974D4AD9C41959FF7090C03B7EA2D","019cee52-0a77-78ea-9b50-83dab6869400","019cee47-f225-7d34-90ea-6a2b73898f7d","","556","
                <div class=""stimulus-container"">
                    <img src=""images/causal_sequence/coin_causal/coin_causal_8.png"" class=""exp-image"">
                    <div class=""question-area"">
                        <p style=""font-size: 20px; font-weight: bold; margin: 0;"">Is there a person in this image?</p>
                    </div>
                </div>","0","main_experiment_trial","8","coin_causal","causal_sequence","","","",""
"","","","","","html-keyboard-response","96","286043","0.0-96.0","A2B974D4AD9C41959FF7090C03B7EA2D","019cee52-0a77-78ea-9b50-83dab6869400","019cee47-f225-7d34-90ea-6a2b73898f7d","","null","
                <div class=""stimulus-container"">
                    <img src=""images/causal_sequence/coin_causal/coin_causal_9.png"" class=""exp-image"">
                    <div class=""question-area""></div> 
                </div>","null","","","","","","","",""
"","","","","","html-button-response","97","286507","0.0-97.0","A2B974D4AD9C41959FF7090C03B7EA2D","019cee52-0a77-78ea-9b50-83dab6869400","019cee47-f225-7d34-90ea-6a2b73898f7d","","463","
                <div class=""stimulus-container"">
                    <img src=""images/causal_sequence/coin_causal/coin_causal_9.png"" class=""exp-image"">
                    <div class=""question-area"">
                        <p style=""font-size: 20px; font-weight: bold; margin: 0;"">Is there a person in this image?</p>
                    </div>
                </div>","0","main_experiment_trial","9","coin_causal","causal_sequence","","","",""
"","","","","","html-keyboard-response","98","291510","0.0-98.0","A2B974D4AD9C41959FF7090C03B7EA2D","019cee52-0a77-78ea-9b50-83dab6869400","019cee47-f225-7d34-90ea-6a2b73898f7d","","null","
                <div class=""stimulus-container"">
                    <img src=""images/causal_sequence/coin_causal/coin_causal_ten.png"" class=""exp-image"">
                    <div class=""question-area""></div> 
                </div>","null","","","","","","","",""
"","","","","","html-button-response","99","291930","0.0-99.0","A2B974D4AD9C41959FF7090C03B7EA2D","019cee52-0a77-78ea-9b50-83dab6869400","019cee47-f225-7d34-90ea-6a2b73898f7d","","419","
                <div class=""stimulus-container"">
                    <img src=""images/causal_sequence/coin_causal/coin_causal_ten.png"" class=""exp-image"">
                    <div class=""question-area"">
                        <p style=""font-size: 20px; font-weight: bold; margin: 0;"">Is there a person in this image?</p>
                    </div>
                </div>","0","main_experiment_trial","ten","coin_causal","causal_sequence","","","",""
"","","","","","instructions","100","293200","0.0-100.0","A2B974D4AD9C41959FF7090C03B7EA2D","019cee52-0a77-78ea-9b50-83dab6869400","019cee47-f225-7d34-90ea-6a2b73898f7d","[{""page_index"":0,""viewing_time"":1269}]","1269","","","","","","","","","",""
"","","","","","instructions","101","295981","0.0-101.0","A2B974D4AD9C41959FF7090C03B7EA2D","019cee52-0a77-78ea-9b50-83dab6869400","019cee47-f225-7d34-90ea-6a2b73898f7d","[{""page_index"":0,""viewing_time"":2781}]","2781","","","","","","","","","",""
"","","","","","html-keyboard-response","102","301984","0.0-102.0","A2B974D4AD9C41959FF7090C03B7EA2D","019cee52-0a77-78ea-9b50-83dab6869400","019cee47-f225-7d34-90ea-6a2b73898f7d","","null","
            <div class=""stimulus-container"" style=""display: flex; align-items: center; justify-content: center; gap: 40px;"">
                <img src=""images/causal_sequence/museum_causal/museum_causal_5.png"" class=""exp-image"">
                <div style=""text-align: center;"">
                    <img src=""images/dollar.png"" style=""width: 150px; height: 150px; border: 5px solid green; border-radius: 15px;"">
                    <p style=""color: green; font-weight: bold; font-size: 28px; margin-top: 15px;"">WORTH MONEY</p>
                </div>
            </div>
            <div class=""question-area""></div>","null","","","","","","","",""
"","","","","","html-button-response","103","304987","0.0-103.0","A2B974D4AD9C41959FF7090C03B7EA2D","019cee52-0a77-78ea-9b50-83dab6869400","019cee47-f225-7d34-90ea-6a2b73898f7d","","null","
            <div class=""stimulus-container"" style=""display: flex; align-items: center; justify-content: center; gap: 40px;"">
                <img src=""images/causal_sequence/museum_causal/museum_causal_5.png"" class=""exp-image"">
                <div style=""text-align: center;"">
                    <img src=""images/dollar.png"" style=""width: 150px; height: 150px; border: 5px solid green; border-radius: 15px;"">
                    <p style=""color: green; font-weight: bold; font-size: 28px; margin-top: 15px;"">WORTH MONEY</p>
                </div>
            </div>
            <div class=""question-area"">
                <p style=""font-size: 20px; font-weight: bold; margin: 0;"">Was there a person in this image?</p>
            </div>","null","part2_value_learning","","museum_causal","causal_sequence","5","valuable","",""
"","","","","","html-keyboard-response","104","310989","0.0-104.0","A2B974D4AD9C41959FF7090C03B7EA2D","019cee52-0a77-78ea-9b50-83dab6869400","019cee47-f225-7d34-90ea-6a2b73898f7d","","null","
            <div class=""stimulus-container"" style=""display: flex; align-items: center; justify-content: center; gap: 40px;"">
                <img src=""images/causal_sequence/coin_causal/coin_causal_7.png"" class=""exp-image"">
                <div style=""text-align: center;"">
                    <img src=""images/gray.png"" style=""width: 150px; height: 150px; border: 5px solid grey; border-radius: 15px;"">
                    <p style=""color: grey; font-weight: bold; font-size: 28px; margin-top: 15px;"">NEUTRAL VALUE</p>
                </div>
            </div>
            <div class=""question-area""></div>","null","","","","","","","",""
"","","","","","html-button-response","105","311779","0.0-105.0","A2B974D4AD9C41959FF7090C03B7EA2D","019cee52-0a77-78ea-9b50-83dab6869400","019cee47-f225-7d34-90ea-6a2b73898f7d","","788","
            <div class=""stimulus-container"" style=""display: flex; align-items: center; justify-content: center; gap: 40px;"">
                <img src=""images/causal_sequence/coin_causal/coin_causal_7.png"" class=""exp-image"">
                <div style=""text-align: center;"">
                    <img src=""images/gray.png"" style=""width: 150px; height: 150px; border: 5px solid grey; border-radius: 15px;"">
                    <p style=""color: grey; font-weight: bold; font-size: 28px; margin-top: 15px;"">NEUTRAL VALUE</p>
                </div>
            </div>
            <div class=""question-area"">
                <p style=""font-size: 20px; font-weight: bold; margin: 0;"">Was there a person in this image?</p>
            </div>","1","part2_value_learning","","coin_causal","causal_sequence","7","neutral","",""
"","","","","","html-keyboard-response","106","317781","0.0-106.0","A2B974D4AD9C41959FF7090C03B7EA2D","019cee52-0a77-78ea-9b50-83dab6869400","019cee47-f225-7d34-90ea-6a2b73898f7d","","null","
            <div class=""stimulus-container"" style=""display: flex; align-items: center; justify-content: center; gap: 40px;"">
                <img src=""images/schematic_sequence/restaurant_scheme/restaurant_scheme_3.png"" class=""exp-image"">
                <div style=""text-align: center;"">
                    <img src=""images/dollar.png"" style=""width: 150px; height: 150px; border: 5px solid green; border-radius: 15px;"">
                    <p style=""color: green; font-weight: bold; font-size: 28px; margin-top: 15px;"">WORTH MONEY</p>
                </div>
            </div>
            <div class=""question-area""></div>","null","","","","","","","",""
"","","","","","html-button-response","107","318930","0.0-107.0","A2B974D4AD9C41959FF7090C03B7EA2D","019cee52-0a77-78ea-9b50-83dab6869400","019cee47-f225-7d34-90ea-6a2b73898f7d","","1148","
            <div class=""stimulus-container"" style=""display: flex; align-items: center; justify-content: center; gap: 40px;"">
                <img src=""images/schematic_sequence/restaurant_scheme/restaurant_scheme_3.png"" class=""exp-image"">
                <div style=""text-align: center;"">
                    <img src=""images/dollar.png"" style=""width: 150px; height: 150px; border: 5px solid green; border-radius: 15px;"">
                    <p style=""color: green; font-weight: bold; font-size: 28px; margin-top: 15px;"">WORTH MONEY</p>
                </div>
            </div>
            <div class=""question-area"">
                <p style=""font-size: 20px; font-weight: bold; margin: 0;"">Was there a person in this image?</p>
            </div>","1","part2_value_learning","","restaurant_scheme","schematic_sequence","3","valuable","",""
"","","","","","html-keyboard-response","108","324933","0.0-108.0","A2B974D4AD9C41959FF7090C03B7EA2D","019cee52-0a77-78ea-9b50-83dab6869400","019cee47-f225-7d34-90ea-6a2b73898f7d","","null","
            <div class=""stimulus-container"" style=""display: flex; align-items: center; justify-content: center; gap: 40px;"">
                <img src=""images/schematic_sequence/dinner_party_scheme/dinner_party_scheme_3.png"" class=""exp-image"">
                <div style=""text-align: center;"">
                    <img src=""images/gray.png"" style=""width: 150px; height: 150px; border: 5px solid grey; border-radius: 15px;"">
                    <p style=""color: grey; font-weight: bold; font-size: 28px; margin-top: 15px;"">NEUTRAL VALUE</p>
                </div>
            </div>
            <div class=""question-area""></div>","null","","","","","","","",""
"","","","","","html-button-response","109","325592","0.0-109.0","A2B974D4AD9C41959FF7090C03B7EA2D","019cee52-0a77-78ea-9b50-83dab6869400","019cee47-f225-7d34-90ea-6a2b73898f7d","","658","
            <div class=""stimulus-container"" style=""display: flex; align-items: center; justify-content: center; gap: 40px;"">
                <img src=""images/schematic_sequence/dinner_party_scheme/dinner_party_scheme_3.png"" class=""exp-image"">
                <div style=""text-align: center;"">
                    <img src=""images/gray.png"" style=""width: 150px; height: 150px; border: 5px solid grey; border-radius: 15px;"">
                    <p style=""color: grey; font-weight: bold; font-size: 28px; margin-top: 15px;"">NEUTRAL VALUE</p>
                </div>
            </div>
            <div class=""question-area"">
                <p style=""font-size: 20px; font-weight: bold; margin: 0;"">Was there a person in this image?</p>
            </div>","0","part2_value_learning","","dinner_party_scheme","schematic_sequence","3","neutral","",""
"","","","","","instructions","110","328807","0.0-110.0","A2B974D4AD9C41959FF7090C03B7EA2D","019cee52-0a77-78ea-9b50-83dab6869400","019cee47-f225-7d34-90ea-6a2b73898f7d","[{""page_index"":0,""viewing_time"":3214}]","3214","","","","","","","","","",""
"","","","","","html-keyboard-response","111","331810","0.0-111.0-0.0","A2B974D4AD9C41959FF7090C03B7EA2D","019cee52-0a77-78ea-9b50-83dab6869400","019cee47-f225-7d34-90ea-6a2b73898f7d","","null","
                        <div style=""font-family: Arial; margin-bottom: 20px;""><h3>Which image is luckier?</h3></div>
                        <div class=""stimulus-container"" style=""display: flex; width: 800px; justify-content: center; gap: 30px;"">
                            <img src=""images/causal_sequence/coin_causal/coin_causal_6.png"" class=""small-image"">
                            <img src=""images/causal_sequence/coin_causal/coin_causal_8.png"" class=""small-image"">
                        </div>","null","","","","","","","",""
"","","","","","html-button-response","112","333145","0.0-111.0-1.0","A2B974D4AD9C41959FF7090C03B7EA2D","019cee52-0a77-78ea-9b50-83dab6869400","019cee47-f225-7d34-90ea-6a2b73898f7d","","1334","
                        <div style=""font-family: Arial; margin-bottom: 20px;""><h3>Which image is luckier?</h3></div>
                        <div class=""stimulus-container"" style=""display: flex; width: 800px; justify-content: center; gap: 30px;"">
                            <img src=""images/causal_sequence/coin_causal/coin_causal_6.png"" class=""small-image"">
                            <img src=""images/causal_sequence/coin_causal/coin_causal_8.png"" class=""small-image"">
                        </div>","1","part3_choice_neighbors","","coin_causal","","","","8",""
"","","","","","html-keyboard-response","113","336147","0.0-112.0-0.0","A2B974D4AD9C41959FF7090C03B7EA2D","019cee52-0a77-78ea-9b50-83dab6869400","019cee47-f225-7d34-90ea-6a2b73898f7d","","null","
                        <div style=""font-family: Arial; margin-bottom: 20px;""><h3>Which image is luckier?</h3></div>
                        <div class=""stimulus-container"" style=""display: flex; width: 800px; justify-content: center; gap: 30px;"">
                            <img src=""images/causal_sequence/museum_causal/museum_causal_6.png"" class=""small-image"">
                            <img src=""images/causal_sequence/museum_causal/museum_causal_4.png"" class=""small-image"">
                        </div>","null","","","","","","","",""
"","","","","","html-button-response","114","336966","0.0-112.0-1.0","A2B974D4AD9C41959FF7090C03B7EA2D","019cee52-0a77-78ea-9b50-83dab6869400","019cee47-f225-7d34-90ea-6a2b73898f7d","","818","
                        <div style=""font-family: Arial; margin-bottom: 20px;""><h3>Which image is luckier?</h3></div>
                        <div class=""stimulus-container"" style=""display: flex; width: 800px; justify-content: center; gap: 30px;"">
                            <img src=""images/causal_sequence/museum_causal/museum_causal_6.png"" class=""small-image"">
                            <img src=""images/causal_sequence/museum_causal/museum_causal_4.png"" class=""small-image"">
                        </div>","1","part3_choice_neighbors","","museum_causal","","","","4",""
"","","","","","html-keyboard-response","115","339968","0.0-113.0-0.0","A2B974D4AD9C41959FF7090C03B7EA2D","019cee52-0a77-78ea-9b50-83dab6869400","019cee47-f225-7d34-90ea-6a2b73898f7d","","null","
                        <div style=""font-family: Arial; margin-bottom: 20px;""><h3>Which image is luckier?</h3></div>
                        <div class=""stimulus-container"" style=""display: flex; width: 800px; justify-content: center; gap: 30px;"">
                            <img src=""images/schematic_sequence/dinner_party_scheme/dinner_party_scheme_4.png"" class=""small-image"">
                            <img src=""images/schematic_sequence/dinner_party_scheme/dinner_party_scheme_2.png"" class=""small-image"">
                        </div>","null","","","","","","","",""
"","","","","","html-button-response","116","341041","0.0-113.0-1.0","A2B974D4AD9C41959FF7090C03B7EA2D","019cee52-0a77-78ea-9b50-83dab6869400","019cee47-f225-7d34-90ea-6a2b73898f7d","","1072","
                        <div style=""font-family: Arial; margin-bottom: 20px;""><h3>Which image is luckier?</h3></div>
                        <div class=""stimulus-container"" style=""display: flex; width: 800px; justify-content: center; gap: 30px;"">
                            <img src=""images/schematic_sequence/dinner_party_scheme/dinner_party_scheme_4.png"" class=""small-image"">
                            <img src=""images/schematic_sequence/dinner_party_scheme/dinner_party_scheme_2.png"" class=""small-image"">
                        </div>","1","part3_choice_neighbors","","dinner_party_scheme","","","","2",""
"","","","","","html-keyboard-response","117","344043","0.0-114.0-0.0","A2B974D4AD9C41959FF7090C03B7EA2D","019cee52-0a77-78ea-9b50-83dab6869400","019cee47-f225-7d34-90ea-6a2b73898f7d","","null","
                        <div style=""font-family: Arial; margin-bottom: 20px;""><h3>Which image is luckier?</h3></div>
                        <div class=""stimulus-container"" style=""display: flex; width: 800px; justify-content: center; gap: 30px;"">
                            <img src=""images/schematic_sequence/restaurant_scheme/restaurant_scheme_4.png"" class=""small-image"">
                            <img src=""images/schematic_sequence/restaurant_scheme/restaurant_scheme_2.png"" class=""small-image"">
                        </div>","null","","","","","","","",""
"","","","","","html-button-response","118","344999","0.0-114.0-1.0","A2B974D4AD9C41959FF7090C03B7EA2D","019cee52-0a77-78ea-9b50-83dab6869400","019cee47-f225-7d34-90ea-6a2b73898f7d","","955","
                        <div style=""font-family: Arial; margin-bottom: 20px;""><h3>Which image is luckier?</h3></div>
                        <div class=""stimulus-container"" style=""display: flex; width: 800px; justify-content: center; gap: 30px;"">
                            <img src=""images/schematic_sequence/restaurant_scheme/restaurant_scheme_4.png"" class=""small-image"">
                            <img src=""images/schematic_sequence/restaurant_scheme/restaurant_scheme_2.png"" class=""small-image"">
                        </div>","0","part3_choice_neighbors","","restaurant_scheme","","","","4",""
"","","","","","html-keyboard-response","119","348003","0.0-115.0-0.0","A2B974D4AD9C41959FF7090C03B7EA2D","019cee52-0a77-78ea-9b50-83dab6869400","019cee47-f225-7d34-90ea-6a2b73898f7d","","null","<div style=""font-family: Arial; margin-bottom: 20px;""><h3>Which image is luckier?</h3></div>
                            <div class=""stimulus-container"" style=""display: flex; width: 800px; justify-content: center; gap: 30px;"">
                                <img src=""images/causal_sequence/museum_causal/museum_causal_5.png"" class=""small-image"">
                                <img src=""images/schematic_sequence/dinner_party_scheme/dinner_party_scheme_5.png"" class=""small-image"">
                            </div>","null","","","","","","","",""
"","","","","","html-button-response","120","348505","0.0-115.0-1.0","A2B974D4AD9C41959FF7090C03B7EA2D","019cee52-0a77-78ea-9b50-83dab6869400","019cee47-f225-7d34-90ea-6a2b73898f7d","","501","<div style=""font-family: Arial; margin-bottom: 20px;""><h3>Which image is luckier?</h3></div>
                            <div class=""stimulus-container"" style=""display: flex; width: 800px; justify-content: center; gap: 30px;"">
                                <img src=""images/causal_sequence/museum_causal/museum_causal_5.png"" class=""small-image"">
                                <img src=""images/schematic_sequence/dinner_party_scheme/dinner_party_scheme_5.png"" class=""small-image"">
                            </div>","1","part3_valuable_vs_neutral_X","","","","","","","false"
"","","","","","html-keyboard-response","121","351509","0.0-116.0-0.0","A2B974D4AD9C41959FF7090C03B7EA2D","019cee52-0a77-78ea-9b50-83dab6869400","019cee47-f225-7d34-90ea-6a2b73898f7d","","null","<div style=""font-family: Arial; margin-bottom: 20px;""><h3>Which image is luckier?</h3></div>
                            <div class=""stimulus-container"" style=""display: flex; width: 800px; justify-content: center; gap: 30px;"">
                                <img src=""images/causal_sequence/coin_causal/coin_causal_3.png"" class=""small-image"">
                                <img src=""images/schematic_sequence/restaurant_scheme/restaurant_scheme_3.png"" class=""small-image"">
                            </div>","null","","","","","","","",""
"","","","","","html-button-response","122","352546","0.0-116.0-1.0","A2B974D4AD9C41959FF7090C03B7EA2D","019cee52-0a77-78ea-9b50-83dab6869400","019cee47-f225-7d34-90ea-6a2b73898f7d","","1037","<div style=""font-family: Arial; margin-bottom: 20px;""><h3>Which image is luckier?</h3></div>
                            <div class=""stimulus-container"" style=""display: flex; width: 800px; justify-content: center; gap: 30px;"">
                                <img src=""images/causal_sequence/coin_causal/coin_causal_3.png"" class=""small-image"">
                                <img src=""images/schematic_sequence/restaurant_scheme/restaurant_scheme_3.png"" class=""small-image"">
                            </div>","0","part3_valuable_vs_neutral_X","","","","","","","false"
"","","","","","survey-text","123","390691","0.0-117.0","A2B974D4AD9C41959FF7090C03B7EA2D","019cee52-0a77-78ea-9b50-83dab6869400","019cee47-f225-7d34-90ea-6a2b73898f7d","","38140","","{""gender"":""FEMALE"",""age"":""32"",""decision_strategy"":""I thought about how I would feel if it were me. What would make me feel happier, less stressed, etc."",""consistency_check"":""Yes. I used this logic for each situation, imagining myself in their shoes.""}","demographics_and_strategy","","","","","","",""
"","","","","","instructions","124","450970","0.0-118.0","A2B974D4AD9C41959FF7090C03B7EA2D","019cee52-0a77-78ea-9b50-83dab6869400","019cee47-f225-7d34-90ea-6a2b73898f7d","[{""page_index"":0,""viewing_time"":60278}]","60278","","","","","","","","","",""
